model,noise,pdb_id,sample,score_nll,seq_recovery,perplexity
fullbackbone,0.0,1AKI,1,0.7584,0.5814,2.1348577140784397
fullbackbone,0.0,1AKI,2,0.7535,0.5736,2.124422498436896
fullbackbone,0.0,1AKI,3,0.7257,0.5659,2.066176917713637
fullbackbone,0.0,1AKI,4,0.6908,0.5349,1.9953111438288118
fullbackbone,0.0,1AKI,5,0.6957,0.5659,2.0051121613162226
fullbackbone,0.0,1AKI,6,0.7254,0.5349,2.065557157606987
fullbackbone,0.0,1AKI,7,0.6888,0.5969,1.9913245095043566
fullbackbone,0.0,1AKI,8,0.7557,0.5426,2.12910137280812
fullbackbone,0.0,1BPI,1,0.9361,0.5172,2.550016934171875
fullbackbone,0.0,1BPI,2,0.872,0.5,2.391689452237172
fullbackbone,0.0,1BPI,3,0.8072,0.5517,2.2416226478944927
fullbackbone,0.0,1BPI,4,0.8404,0.4828,2.317293708905873
fullbackbone,0.0,1BPI,5,0.8818,0.5172,2.4152432338907346
fullbackbone,0.0,1BPI,6,0.9018,0.5345,2.464034383705883
fullbackbone,0.0,1BPI,7,0.8405,0.4828,2.317525449863618
fullbackbone,0.0,1BPI,8,0.8711,0.4828,2.389537900073862
fullbackbone,0.0,1CRN,1,0.8576,0.5217,2.357495908502242
fullbackbone,0.0,1CRN,2,0.8433,0.5217,2.3240236143079915
fullbackbone,0.0,1CRN,3,0.7793,0.5652,2.1799457692483717
fullbackbone,0.0,1CRN,4,0.7393,0.5652,2.0944688730186227
fullbackbone,0.0,1CRN,5,0.8114,0.5435,2.2510572618360487
fullbackbone,0.0,1CRN,6,0.8083,0.5435,2.2440897894862823
fullbackbone,0.0,1CRN,7,0.8252,0.5217,2.282337187123028
fullbackbone,0.0,1CRN,8,0.852,0.5435,2.344330828044636
fullbackbone,0.0,1CSP,1,0.8998,0.5224,2.459111239723501
fullbackbone,0.0,1CSP,2,0.9002,0.5522,2.460095080974523
fullbackbone,0.0,1CSP,3,0.8812,0.5224,2.4137945226072466
fullbackbone,0.0,1CSP,4,0.9263,0.4925,2.525148820999018
fullbackbone,0.0,1CSP,5,0.8523,0.4627,2.345034232798487
fullbackbone,0.0,1CSP,6,0.9785,0.4627,2.6604625535816004
fullbackbone,0.0,1CSP,7,0.9229,0.5224,2.516577893840449
fullbackbone,0.0,1CSP,8,0.9234,0.5075,2.5178364974120413
fullbackbone,0.0,1ENH,1,0.9333,0.4074,2.5428868734994405
fullbackbone,0.0,1ENH,2,0.9807,0.3704,2.666322014242892
fullbackbone,0.0,1ENH,3,1.069,0.4074,2.9124655776809942
fullbackbone,0.0,1ENH,4,1.0511,0.4259,2.8607962638060562
fullbackbone,0.0,1ENH,5,0.9904,0.4259,2.692311181465669
fullbackbone,0.0,1ENH,6,0.9565,0.4074,2.602571513760607
fullbackbone,0.0,1ENH,7,1.0245,0.4074,2.785702261164443
fullbackbone,0.0,1ENH,8,1.0892,0.3704,2.9718956048189638
fullbackbone,0.0,1FKB,1,0.7414,0.6636,2.0988718791903374
fullbackbone,0.0,1FKB,2,0.7554,0.6168,2.1284627381962586
fullbackbone,0.0,1FKB,3,0.7188,0.6449,2.0519693693915273
fullbackbone,0.0,1FKB,4,0.7577,0.6636,2.1333638365967036
fullbackbone,0.0,1FKB,5,0.7534,0.6542,2.1242100668088106
fullbackbone,0.0,1FKB,6,0.7494,0.6916,2.1157301975865095
fullbackbone,0.0,1FKB,7,0.7474,0.6822,2.111502965832168
fullbackbone,0.0,1FKB,8,0.7026,0.6542,2.0189952768968404
fullbackbone,0.0,1HEL,1,0.7466,0.5659,2.109814438960306
fullbackbone,0.0,1HEL,2,0.7556,0.5736,2.128888473315991
fullbackbone,0.0,1HEL,3,0.745,0.5814,2.1064414349807272
fullbackbone,0.0,1HEL,4,0.7201,0.6124,2.0546386642374603
fullbackbone,0.0,1HEL,5,0.742,0.6202,2.100131580190361
fullbackbone,0.0,1HEL,6,0.7588,0.5736,2.1357118279754626
fullbackbone,0.0,1HEL,7,0.7007,0.5814,2.0151628278502587
fullbackbone,0.0,1HEL,8,0.7361,0.5891,2.0877772848761453
fullbackbone,0.0,1IGD,1,0.7838,0.5574,2.1897776303061094
fullbackbone,0.0,1IGD,2,0.7643,0.5574,2.147490604973754
fullbackbone,0.0,1IGD,3,0.8722,0.5246,2.3921678379645974
fullbackbone,0.0,1IGD,4,0.854,0.5082,2.3490241814897197
fullbackbone,0.0,1IGD,5,0.8352,0.5738,2.3052750571960243
fullbackbone,0.0,1IGD,6,0.8486,0.5246,2.3363736381175855
fullbackbone,0.0,1IGD,7,0.8606,0.5082,2.36457901557603
fullbackbone,0.0,1IGD,8,0.774,0.541,2.168422619990648
fullbackbone,0.0,1LZ1,1,0.7691,0.5308,2.157823338599489
fullbackbone,0.0,1LZ1,2,0.7599,0.5538,2.138062403565794
fullbackbone,0.0,1LZ1,3,0.7992,0.5538,2.223761207732896
fullbackbone,0.0,1LZ1,4,0.7873,0.5615,2.1974552800616536
fullbackbone,0.0,1LZ1,5,0.7333,0.5692,2.0819396849323115
fullbackbone,0.0,1LZ1,6,0.7659,0.5769,2.1509293401962934
fullbackbone,0.0,1LZ1,7,0.7342,0.5846,2.0838142740873358
fullbackbone,0.0,1LZ1,8,0.755,0.5615,2.127611523355298
fullbackbone,0.0,1MBN,1,1.0128,0.3922,2.753299470667217
fullbackbone,0.0,1MBN,2,0.9803,0.3987,2.6652556987145175
fullbackbone,0.0,1MBN,3,0.989,0.3922,2.688544583045722
fullbackbone,0.0,1MBN,4,0.9658,0.4314,2.626888326755832
fullbackbone,0.0,1MBN,5,0.9934,0.3399,2.700400242534875
fullbackbone,0.0,1MBN,6,0.9806,0.3922,2.6660553953726334
fullbackbone,0.0,1MBN,7,0.9705,0.3922,2.639263761381851
fullbackbone,0.0,1MBN,8,0.98,0.4314,2.664456241929417
fullbackbone,0.0,1PIN,1,0.8595,0.4837,2.3619794087048027
fullbackbone,0.0,1PIN,2,0.813,0.4837,2.254661836345618
fullbackbone,0.0,1PIN,3,0.8394,0.4641,2.3149775734577025
fullbackbone,0.0,1PIN,4,0.8622,0.5229,2.3683653702769565
fullbackbone,0.0,1PIN,5,0.83,0.4837,2.2933187402641826
fullbackbone,0.0,1PIN,6,0.8632,0.4837,2.370734920224745
fullbackbone,0.0,1PIN,7,0.8412,0.5359,2.3191482856047663
fullbackbone,0.0,1PIN,8,0.8629,0.5229,2.3700238064210812
fullbackbone,0.0,1R69,1,0.7775,0.5079,2.176025396257917
fullbackbone,0.0,1R69,2,0.7903,0.5079,2.204057544346569
fullbackbone,0.0,1R69,3,0.8341,0.5397,2.3027406488132716
fullbackbone,0.0,1R69,4,0.8336,0.5238,2.3015895662834787
fullbackbone,0.0,1R69,5,0.8417,0.5238,2.320308149689426
fullbackbone,0.0,1R69,6,0.782,0.4444,2.185839575883813
fullbackbone,0.0,1R69,7,0.7747,0.5079,2.1699410472121663
fullbackbone,0.0,1R69,8,0.8315,0.4921,2.2967612996486375
fullbackbone,0.0,1RIS,1,0.9926,0.3711,2.6982407862385367
fullbackbone,0.0,1RIS,2,0.9563,0.299,2.6020510515058155
fullbackbone,0.0,1RIS,3,0.9835,0.3711,2.673798177627084
fullbackbone,0.0,1RIS,4,0.9377,0.3505,2.5541002270297337
fullbackbone,0.0,1RIS,5,0.9542,0.3402,2.596592477806064
fullbackbone,0.0,1RIS,6,0.9401,0.3505,2.5602374292714383
fullbackbone,0.0,1RIS,7,0.9433,0.3299,2.5684433114542475
fullbackbone,0.0,1RIS,8,0.9017,0.299,2.463787992587273
fullbackbone,0.0,1SHG,1,0.8077,0.4912,2.2427437394679774
fullbackbone,0.0,1SHG,2,0.7573,0.4737,2.132510661708418
fullbackbone,0.0,1SHG,3,0.845,0.5789,2.3279778145702346
fullbackbone,0.0,1SHG,4,0.7708,0.4561,2.161494758097481
fullbackbone,0.0,1SHG,5,0.794,0.5439,2.2122276626587873
fullbackbone,0.0,1SHG,6,0.8253,0.4737,2.282565432253806
fullbackbone,0.0,1SHG,7,0.7695,0.4561,2.1586866405838148
fullbackbone,0.0,1SHG,8,0.7905,0.5439,2.204498399939528
fullbackbone,0.0,1STN,1,0.8339,0.4191,2.302280146735252
fullbackbone,0.0,1STN,2,0.7711,0.4706,2.162143303801902
fullbackbone,0.0,1STN,3,0.7836,0.4485,2.1893397185726813
fullbackbone,0.0,1STN,4,0.8336,0.4926,2.3015895662834787
fullbackbone,0.0,1STN,5,0.818,0.4853,2.2659633758311957
fullbackbone,0.0,1STN,6,0.8168,0.5147,2.2632458506214275
fullbackbone,0.0,1STN,7,0.8354,0.5221,2.3057361583160385
fullbackbone,0.0,1STN,8,0.8145,0.5,2.258046366863425
fullbackbone,0.0,1TIM,1,0.9638,0.2935,2.6216398003782064
fullbackbone,0.0,1TIM,2,0.9767,0.2773,2.655678028349684
fullbackbone,0.0,1TIM,3,0.9717,0.2935,2.6424327789257536
fullbackbone,0.0,1TIM,4,0.9757,0.2834,2.653023677717846
fullbackbone,0.0,1TIM,5,0.968,0.2874,2.6326738428088614
fullbackbone,0.0,1TIM,6,0.9845,0.2834,2.676473313149544
fullbackbone,0.0,1TIM,7,0.9664,0.3016,2.6284649326863665
fullbackbone,0.0,1TIM,8,0.9758,0.2955,2.6532889933511785
fullbackbone,0.0,1TUP,1,0.8685,0.3829,2.3833331711765666
fullbackbone,0.0,1TUP,2,0.882,0.3692,2.415726330845598
fullbackbone,0.0,1TUP,3,0.8675,0.3949,2.380951029274853
fullbackbone,0.0,1TUP,4,0.8757,0.3641,2.400555094534482
fullbackbone,0.0,1TUP,5,0.8901,0.3761,2.4353731764310576
fullbackbone,0.0,1TUP,6,0.8581,0.3897,2.358674951192602
fullbackbone,0.0,1TUP,7,0.8599,0.3624,2.362924389451834
fullbackbone,0.0,1TUP,8,0.8972,0.3897,2.452725855097334
fullbackbone,0.0,1UBI,1,0.816,0.5526,2.2614359779865105
fullbackbone,0.0,1UBI,2,0.8342,0.5921,2.30297093439224
fullbackbone,0.0,1UBI,3,0.8259,0.5526,2.2839353824571207
fullbackbone,0.0,1UBI,4,0.8153,0.5658,2.259853526724479
fullbackbone,0.0,1UBI,5,0.813,0.5395,2.254661836345618
fullbackbone,0.0,1UBI,6,0.8259,0.5921,2.2839353824571207
fullbackbone,0.0,1UBI,7,0.7899,0.5789,2.203176097629926
fullbackbone,0.0,1UBI,8,0.8059,0.5132,2.2387104318028266
fullbackbone,0.0,1UBQ,1,0.7763,0.5395,2.173415731894185
fullbackbone,0.0,1UBQ,2,0.791,0.5526,2.2056009247477304
fullbackbone,0.0,1UBQ,3,0.7889,0.5658,2.2009740227532406
fullbackbone,0.0,1UBQ,4,0.7735,0.5395,2.16733867968831
fullbackbone,0.0,1UBQ,5,0.7848,0.5395,2.191968503190285
fullbackbone,0.0,1UBQ,6,0.8025,0.5,2.231111741428404
fullbackbone,0.0,1UBQ,7,0.8072,0.5921,2.2416226478944927
fullbackbone,0.0,1UBQ,8,0.8091,0.5,2.245885779618138
fullbackbone,0.0,1VII,1,1.0374,0.25,2.8218706045854187
fullbackbone,0.0,1VII,2,1.0341,0.1944,2.812573779788069
fullbackbone,0.0,1VII,3,1.0728,0.25,2.9235540015384447
fullbackbone,0.0,1VII,4,1.0722,0.2222,2.92180039527201
fullbackbone,0.0,1VII,5,1.1448,0.1944,3.1418129314124363
fullbackbone,0.0,1VII,6,0.9907,0.25,2.6931189959862283
fullbackbone,0.0,1VII,7,1.0385,0.1667,2.8249763701083355
fullbackbone,0.0,1VII,8,1.0544,0.25,2.8702524856611573
fullbackbone,0.0,2ACY,1,0.8187,0.449,2.2675501054848652
fullbackbone,0.0,2ACY,2,0.8614,0.4694,2.3664714356555936
fullbackbone,0.0,2ACY,3,0.8613,0.398,2.3662348003439906
fullbackbone,0.0,2ACY,4,0.8103,0.4898,2.2485824602384503
fullbackbone,0.0,2ACY,5,0.8376,0.4796,2.310814361840001
fullbackbone,0.0,2ACY,6,0.8407,0.4592,2.3179890013071898
fullbackbone,0.0,2ACY,7,0.8344,0.4388,2.3034315746416083
fullbackbone,0.0,2ACY,8,0.8829,0.3673,2.4179014632060998
fullbackbone,0.0,2CI2,1,0.8221,0.6308,2.2752728971497227
fullbackbone,0.0,2CI2,2,0.8115,0.6154,2.2512823788178937
fullbackbone,0.0,2CI2,3,0.8064,0.6,2.2398300669041777
fullbackbone,0.0,2CI2,4,0.8321,0.5846,2.2981397699281563
fullbackbone,0.0,2CI2,5,0.8338,0.5538,2.3020499302315955
fullbackbone,0.0,2CI2,6,0.8166,0.5231,2.2627932467132026
fullbackbone,0.0,2CI2,7,0.82,0.5538,2.2704998375324057
fullbackbone,0.0,2CI2,8,0.8438,0.6,2.3251859166665203
fullbackbone,0.0,2CRO,1,0.8598,0.4769,2.362688108827117
fullbackbone,0.0,2CRO,2,0.847,0.5385,2.3326384292605273
fullbackbone,0.0,2CRO,3,0.8808,0.4923,2.412829197876021
fullbackbone,0.0,2CRO,4,0.8735,0.5231,2.3952796784119914
fullbackbone,0.0,2CRO,5,0.8435,0.5077,2.324488465514424
fullbackbone,0.0,2CRO,6,0.8971,0.4769,2.4524805947750443
fullbackbone,0.0,2CRO,7,0.8789,0.5077,2.4082491747998023
fullbackbone,0.0,2CRO,8,0.8689,0.4769,2.3842866951371158
fullbackbone,0.0,2GB1,1,1.0292,0.3214,2.7988258781334103
fullbackbone,0.0,2GB1,2,0.9729,0.3393,2.645605601573314
fullbackbone,0.0,2GB1,3,0.9669,0.2679,2.6297794937655925
fullbackbone,0.0,2GB1,4,1.0135,0.3214,2.7552274550124793
fullbackbone,0.0,2GB1,5,1.0701,0.2857,2.915671052504378
fullbackbone,0.0,2GB1,6,0.9833,0.3571,2.6732634714639567
fullbackbone,0.0,2GB1,7,1.1164,0.3214,3.0538405646055122
fullbackbone,0.0,2GB1,8,0.9738,0.3036,2.647987718406512
fullbackbone,0.0,2LZM,1,0.7842,0.6159,2.1906537165638023
fullbackbone,0.0,2LZM,2,0.7641,0.5915,2.147061149799708
fullbackbone,0.0,2LZM,3,0.7934,0.6402,2.210900724182543
fullbackbone,0.0,2LZM,4,0.7656,0.5732,2.150284158176376
fullbackbone,0.0,2LZM,5,0.79,0.6037,2.203396426255937
fullbackbone,0.0,2LZM,6,0.7679,0.622,2.1552355036047066
fullbackbone,0.0,2LZM,7,0.7999,0.5976,2.2253183855269523
fullbackbone,0.0,2LZM,8,0.7966,0.5915,2.2179869383957667
fullbackbone,0.0,2PCY,1,0.7452,0.5354,2.106862765399361
fullbackbone,0.0,2PCY,2,0.7384,0.596,2.0925846990383787
fullbackbone,0.0,2PCY,3,0.7296,0.5657,2.0742507414153697
fullbackbone,0.0,2PCY,4,0.7125,0.5152,2.0390825983162153
fullbackbone,0.0,2PCY,5,0.7252,0.5253,2.065144087483855
fullbackbone,0.0,2PCY,6,0.7373,0.5758,2.0902841214191024
fullbackbone,0.0,2PCY,7,0.7156,0.5455,2.0454135622951166
fullbackbone,0.0,2PCY,8,0.7664,0.4848,2.1520050737773753
fullbackbone,0.0,2PTL,1,1.2018,0.2308,3.3260985150154943
fullbackbone,0.0,2PTL,2,1.2085,0.1667,3.348458196354806
fullbackbone,0.0,2PTL,3,1.2049,0.1923,3.3364254188428477
fullbackbone,0.0,2PTL,4,1.2382,0.1538,3.4493989552625703
fullbackbone,0.0,2PTL,5,1.131,0.2051,3.098753704969158
fullbackbone,0.0,2PTL,6,1.2044,0.2051,3.334757623117103
fullbackbone,0.0,2PTL,7,1.2018,0.1795,3.3260985150154943
fullbackbone,0.0,2PTL,8,1.216,0.1923,3.3736660440948167
fullbackbone,0.0,3CHY,1,0.7981,0.4219,2.221316415286752
fullbackbone,0.0,3CHY,2,0.7918,0.5078,2.2073661114680734
fullbackbone,0.0,3CHY,3,0.8138,0.4844,2.2564662874989185
fullbackbone,0.0,3CHY,4,0.7766,0.5,2.1740678544272423
fullbackbone,0.0,3CHY,5,0.8008,0.4844,2.2273220735983092
fullbackbone,0.0,3CHY,6,0.789,0.4922,2.201194131160753
fullbackbone,0.0,3CHY,7,0.7917,0.4297,2.207145385893389
fullbackbone,0.0,3CHY,8,0.8089,0.4453,2.2454366473769354
fullbackbone,0.0,3PGK,1,1.1593,0.1904,3.1877011041742302
fullbackbone,0.0,3PGK,2,1.1752,0.212,3.238790637193905
fullbackbone,0.0,3PGK,3,1.1368,0.1904,3.116778698408918
fullbackbone,0.0,3PGK,4,1.1822,0.212,3.261541707500206
fullbackbone,0.0,3PGK,5,1.1174,0.212,3.0568959325995
fullbackbone,0.0,3PGK,6,1.1748,0.212,3.237495380007735
fullbackbone,0.0,3PGK,7,1.1445,0.2193,3.1408705289004577
fullbackbone,0.0,3PGK,8,1.1907,0.2048,3.2893829697511268
fullbackbone,0.0,4HHB,1,0.7812,0.4843,2.1840916035052826
fullbackbone,0.0,4HHB,2,0.7548,0.507,2.127186043600021
fullbackbone,0.0,4HHB,3,0.7604,0.5174,2.1391317020699256
fullbackbone,0.0,4HHB,4,0.7583,0.493,2.1346442389809646
fullbackbone,0.0,4HHB,5,0.7608,0.4913,2.1399875259041092
fullbackbone,0.0,4HHB,6,0.7744,0.4913,2.1692901625355856
fullbackbone,0.0,4HHB,7,0.7746,0.5122,2.1697240639567883
fullbackbone,0.0,4HHB,8,0.7809,0.507,2.1834364742985257
fullbackbone,0.1,1AKI,1,0.7707,0.5736,2.161278619428785
fullbackbone,0.1,1AKI,2,0.7928,0.5581,2.209574581630583
fullbackbone,0.1,1AKI,3,0.8352,0.5194,2.3052750571960243
fullbackbone,0.1,1AKI,4,0.7681,0.5271,2.1556665938130113
fullbackbone,0.1,1AKI,5,0.737,0.5581,2.0896571302360565
fullbackbone,0.1,1AKI,6,0.813,0.5736,2.254661836345618
fullbackbone,0.1,1AKI,7,0.7591,0.5504,2.1363526376404987
fullbackbone,0.1,1AKI,8,0.7813,0.5659,2.1843100235864554
fullbackbone,0.1,1BPI,1,0.9465,0.4655,2.57667549451901
fullbackbone,0.1,1BPI,2,1.0058,0.5,2.7340936730876844
fullbackbone,0.1,1BPI,3,0.983,0.4655,2.672461612707345
fullbackbone,0.1,1BPI,4,0.9945,0.4655,2.703372317143014
fullbackbone,0.1,1BPI,5,0.9091,0.4655,2.482087648953619
fullbackbone,0.1,1BPI,6,0.9731,0.4655,2.6461347756092684
fullbackbone,0.1,1BPI,7,0.9267,0.5172,2.5261590825662608
fullbackbone,0.1,1BPI,8,0.8826,0.5,2.417176201561824
fullbackbone,0.1,1CRN,1,0.9017,0.5435,2.463787992587273
fullbackbone,0.1,1CRN,2,0.8253,0.5,2.282565432253806
fullbackbone,0.1,1CRN,3,0.9081,0.5435,2.4796068019349122
fullbackbone,0.1,1CRN,4,0.8541,0.5435,2.3492590956533808
fullbackbone,0.1,1CRN,5,0.8821,0.5652,2.415967915557717
fullbackbone,0.1,1CRN,6,0.8679,0.587,2.381903600188044
fullbackbone,0.1,1CRN,7,0.8054,0.5217,2.2375913563790952
fullbackbone,0.1,1CRN,8,0.8866,0.5217,2.4268642695867007
fullbackbone,0.1,1CSP,1,0.8818,0.5224,2.4152432338907346
fullbackbone,0.1,1CSP,2,1.0237,0.5821,2.7834745905425695
fullbackbone,0.1,1CSP,3,0.9485,0.5373,2.581834002296323
fullbackbone,0.1,1CSP,4,0.9309,0.4776,2.5367912626619398
fullbackbone,0.1,1CSP,5,0.9047,0.5224,2.471190454706368
fullbackbone,0.1,1CSP,6,0.996,0.4776,2.7074304184338023
fullbackbone,0.1,1CSP,7,0.9874,0.4925,2.6842463512152697
fullbackbone,0.1,1CSP,8,0.9577,0.5522,2.6056964741783752
fullbackbone,0.1,1ENH,1,1.04,0.4259,2.82921701435156
fullbackbone,0.1,1ENH,2,1.097,0.4444,2.9951670311130876
fullbackbone,0.1,1ENH,3,1.0196,0.3704,2.772085707884716
fullbackbone,0.1,1ENH,4,1.0553,0.3519,2.8728368756993232
fullbackbone,0.1,1ENH,5,1.0563,0.3704,2.8757111494723864
fullbackbone,0.1,1ENH,6,1.0452,0.4074,2.843967260228261
fullbackbone,0.1,1ENH,7,1.0331,0.4074,2.8097626118265255
fullbackbone,0.1,1ENH,8,1.059,0.3889,2.8834860609832433
fullbackbone,0.1,1FKB,1,0.8668,0.6168,2.3792849467512753
fullbackbone,0.1,1FKB,2,0.8011,0.5981,2.227990370459906
fullbackbone,0.1,1FKB,3,0.8243,0.5888,2.280284007723936
fullbackbone,0.1,1FKB,4,0.8483,0.5794,2.335672831152451
fullbackbone,0.1,1FKB,5,0.7579,0.6168,2.133790552034144
fullbackbone,0.1,1FKB,6,0.7987,0.6168,2.2226496050528577
fullbackbone,0.1,1FKB,7,0.827,0.5794,2.2864490936655226
fullbackbone,0.1,1FKB,8,0.8522,0.6449,2.3447997410999877
fullbackbone,0.1,1HEL,1,0.759,0.5426,2.1361390130581417
fullbackbone,0.1,1HEL,2,0.8398,0.5814,2.3159037497099866
fullbackbone,0.1,1HEL,3,0.845,0.5814,2.3279778145702346
fullbackbone,0.1,1HEL,4,0.8156,0.5426,2.260531584486075
fullbackbone,0.1,1HEL,5,0.8331,0.5426,2.300439059151089
fullbackbone,0.1,1HEL,6,0.8923,0.5581,2.4407368953466464
fullbackbone,0.1,1HEL,7,0.798,0.5891,2.221094294751435
fullbackbone,0.1,1HEL,8,0.7658,0.5969,2.1507142580165617
fullbackbone,0.1,1IGD,1,0.8885,0.541,2.4314796949645503
fullbackbone,0.1,1IGD,2,0.9127,0.5902,2.4910392677359137
fullbackbone,0.1,1IGD,3,0.9127,0.541,2.4910392677359137
fullbackbone,0.1,1IGD,4,0.8842,0.5902,2.4210467791206467
fullbackbone,0.1,1IGD,5,0.8614,0.541,2.3664714356555936
fullbackbone,0.1,1IGD,6,0.9526,0.541,2.5924412517080473
fullbackbone,0.1,1IGD,7,0.8748,0.541,2.3983955668826122
fullbackbone,0.1,1IGD,8,0.8182,0.5902,2.2664166138286514
fullbackbone,0.1,1LZ1,1,0.8525,0.5846,2.3455032865488583
fullbackbone,0.1,1LZ1,2,0.8424,0.5385,2.3219329340023727
fullbackbone,0.1,1LZ1,3,0.8316,0.5385,2.2969909872627916
fullbackbone,0.1,1LZ1,4,0.8676,0.5846,2.381189136282932
fullbackbone,0.1,1LZ1,5,0.8418,0.5,2.3205401921063222
fullbackbone,0.1,1LZ1,6,0.8716,0.5462,2.3907329677659246
fullbackbone,0.1,1LZ1,7,0.8653,0.5154,2.3757186946888673
fullbackbone,0.1,1LZ1,8,0.8438,0.5385,2.3251859166665203
fullbackbone,0.1,1MBN,1,1.0508,0.3856,2.859938153649874
fullbackbone,0.1,1MBN,2,0.9926,0.3791,2.6982407862385367
fullbackbone,0.1,1MBN,3,1.0935,0.3333,2.984702270518007
fullbackbone,0.1,1MBN,4,1.0285,0.3595,2.7968673855710855
fullbackbone,0.1,1MBN,5,1.0447,0.3333,2.842545632034813
fullbackbone,0.1,1MBN,6,1.0659,0.3856,2.9034509143376077
fullbackbone,0.1,1MBN,7,1.0417,0.4118,2.8340307738121853
fullbackbone,0.1,1MBN,8,1.039,0.366,2.8263892114742966
fullbackbone,0.1,1PIN,1,0.8895,0.5359,2.4339123908047102
fullbackbone,0.1,1PIN,2,0.8576,0.4902,2.357495908502242
fullbackbone,0.1,1PIN,3,0.956,0.451,2.6012705532709526
fullbackbone,0.1,1PIN,4,0.9213,0.4575,2.5125545887127116
fullbackbone,0.1,1PIN,5,0.9027,0.4967,2.4662530128845908
fullbackbone,0.1,1PIN,6,0.9643,0.4771,2.622950948037995
fullbackbone,0.1,1PIN,7,0.9096,0.4706,2.4833290030907684
fullbackbone,0.1,1PIN,8,0.9001,0.4837,2.459849083766491
fullbackbone,0.1,1R69,1,0.7894,0.4921,2.2020747849322295
fullbackbone,0.1,1R69,2,0.8637,0.4603,2.371920584076119
fullbackbone,0.1,1R69,3,0.8864,0.4603,2.426378945266833
fullbackbone,0.1,1R69,4,0.9228,0.4762,2.516326248633535
fullbackbone,0.1,1R69,5,0.7947,0.5397,2.2137767641449138
fullbackbone,0.1,1R69,6,0.8139,0.5079,2.2566919454103758
fullbackbone,0.1,1R69,7,0.8597,0.4603,2.362451851829281
fullbackbone,0.1,1R69,8,0.8556,0.5397,2.3527856285352975
fullbackbone,0.1,1RIS,1,0.998,0.4124,2.7128506977432196
fullbackbone,0.1,1RIS,2,1.0344,0.3814,2.813417678500483
fullbackbone,0.1,1RIS,3,0.9885,0.3814,2.687200646766268
fullbackbone,0.1,1RIS,4,1.0749,0.299,2.9296999158931243
fullbackbone,0.1,1RIS,5,0.983,0.3608,2.672461612707345
fullbackbone,0.1,1RIS,6,1.009,0.3608,2.742856786344921
fullbackbone,0.1,1RIS,7,0.9771,0.3505,2.656740512043596
fullbackbone,0.1,1RIS,8,1.0447,0.3402,2.842545632034813
fullbackbone,0.1,1SHG,1,0.8632,0.5263,2.370734920224745
fullbackbone,0.1,1SHG,2,0.9095,0.5439,2.4830806826066905
fullbackbone,0.1,1SHG,3,0.9004,0.5614,2.4605871491958995
fullbackbone,0.1,1SHG,4,0.808,0.4912,2.243416663523379
fullbackbone,0.1,1SHG,5,0.8864,0.4912,2.426378945266833
fullbackbone,0.1,1SHG,6,0.8385,0.4386,2.312895030926301
fullbackbone,0.1,1SHG,7,0.9058,0.4561,2.4739102598251135
fullbackbone,0.1,1SHG,8,0.8221,0.4737,2.2752728971497227
fullbackbone,0.1,1STN,1,0.8648,0.4926,2.374531132256872
fullbackbone,0.1,1STN,2,0.861,0.4632,2.365525036373806
fullbackbone,0.1,1STN,3,0.8519,0.4485,2.344096406683095
fullbackbone,0.1,1STN,4,0.845,0.4485,2.3279778145702346
fullbackbone,0.1,1STN,5,0.9602,0.4559,2.6122188649552145
fullbackbone,0.1,1STN,6,0.8324,0.5221,2.2988293152857673
fullbackbone,0.1,1STN,7,0.8735,0.4853,2.3952796784119914
fullbackbone,0.1,1STN,8,0.9464,0.4338,2.576417839852506
fullbackbone,0.1,1TIM,1,1.042,0.2834,2.8348811105884675
fullbackbone,0.1,1TIM,2,1.0522,0.2834,2.863944871112777
fullbackbone,0.1,1TIM,3,1.0401,0.2955,2.8294999501995513
fullbackbone,0.1,1TIM,4,1.0366,0.2976,2.819614010859592
fullbackbone,0.1,1TIM,5,1.0106,0.2955,2.7472488699329656
fullbackbone,0.1,1TIM,6,1.0573,0.3138,2.878588298956838
fullbackbone,0.1,1TIM,7,1.0795,0.2854,2.943207579313595
fullbackbone,0.1,1TIM,8,1.0374,0.3036,2.8218706045854187
fullbackbone,0.1,1TUP,1,0.9733,0.3624,2.6466640554906147
fullbackbone,0.1,1TUP,2,0.9402,0.3744,2.5604934658159793
fullbackbone,0.1,1TUP,3,0.938,0.3573,2.554866572043847
fullbackbone,0.1,1TUP,4,0.9409,0.359,2.56228643870935
fullbackbone,0.1,1TUP,5,0.9547,0.3453,2.597891098673129
fullbackbone,0.1,1TUP,6,0.9866,0.3761,2.68209981286412
fullbackbone,0.1,1TUP,7,0.9639,0.3641,2.62190197746688
fullbackbone,0.1,1TUP,8,0.9377,0.3744,2.5541002270297337
fullbackbone,0.1,1UBI,1,0.838,0.5658,2.3117388724745376
fullbackbone,0.1,1UBI,2,0.8695,0.5658,2.38571769641165
fullbackbone,0.1,1UBI,3,0.8133,0.5658,2.255338336366451
fullbackbone,0.1,1UBI,4,0.8542,0.5526,2.3494940333096332
fullbackbone,0.1,1UBI,5,0.8274,0.5658,2.2873638562433074
fullbackbone,0.1,1UBI,6,0.8345,0.4737,2.3036619293166143
fullbackbone,0.1,1UBI,7,0.8491,0.5263,2.3375421170320294
fullbackbone,0.1,1UBI,8,0.7846,0.5395,2.1915301533260942
fullbackbone,0.1,1UBQ,1,0.8351,0.5132,2.3050445412162954
fullbackbone,0.1,1UBQ,2,0.8544,0.5395,2.349963979109309
fullbackbone,0.1,1UBQ,3,0.957,0.5658,2.6038731248931537
fullbackbone,0.1,1UBQ,4,0.8088,0.5,2.2452121149390067
fullbackbone,0.1,1UBQ,5,0.9389,0.5395,2.557166986990134
fullbackbone,0.1,1UBQ,6,0.8376,0.5921,2.310814361840001
fullbackbone,0.1,1UBQ,7,0.8344,0.5526,2.3034315746416083
fullbackbone,0.1,1UBQ,8,0.8492,0.5132,2.3377758829318327
fullbackbone,0.1,1VII,1,1.0934,0.1667,2.984403815213969
fullbackbone,0.1,1VII,2,1.1634,0.1944,3.200797507983279
fullbackbone,0.1,1VII,3,1.1152,0.2222,3.0501781538139494
fullbackbone,0.1,1VII,4,1.1225,0.2222,3.0725259244570022
fullbackbone,0.1,1VII,5,1.0759,0.1667,2.932631081147381
fullbackbone,0.1,1VII,6,1.2172,0.1667,3.37771687335919
fullbackbone,0.1,1VII,7,1.1536,0.2222,3.1695828938349315
fullbackbone,0.1,1VII,8,1.1602,0.2222,3.1905713265743265
fullbackbone,0.1,2ACY,1,0.9198,0.4286,2.5087885820407725
fullbackbone,0.1,2ACY,2,0.953,0.449,2.593478435631686
fullbackbone,0.1,2ACY,3,0.9199,0.4286,2.509039473443338
fullbackbone,0.1,2ACY,4,0.9631,0.4286,2.6198052946698485
fullbackbone,0.1,2ACY,5,0.9333,0.4286,2.5428868734994405
fullbackbone,0.1,2ACY,6,0.9385,0.4694,2.5561443247414233
fullbackbone,0.1,2ACY,7,0.9459,0.4286,2.575129952931141
fullbackbone,0.1,2ACY,8,0.9456,0.4592,2.5743575298145225
fullbackbone,0.1,2CI2,1,0.9332,0.5846,2.5426325975261013
fullbackbone,0.1,2CI2,2,0.8443,0.5538,2.326348800321541
fullbackbone,0.1,2CI2,3,0.9369,0.5846,2.552057763942276
fullbackbone,0.1,2CI2,4,0.8976,0.5846,2.453707141683606
fullbackbone,0.1,2CI2,5,0.8855,0.5538,2.424196186604827
fullbackbone,0.1,2CI2,6,0.9398,0.5077,2.559469473241821
fullbackbone,0.1,2CI2,7,0.8674,0.5077,2.3807129460762835
fullbackbone,0.1,2CI2,8,0.8253,0.5231,2.282565432253806
fullbackbone,0.1,2CRO,1,0.9088,0.5231,2.4813431343417087
fullbackbone,0.1,2CRO,2,0.8669,0.4923,2.3795228871427714
fullbackbone,0.1,2CRO,3,0.8704,0.4769,2.3878658088440177
fullbackbone,0.1,2CRO,4,0.8914,0.4615,2.4385412203427945
fullbackbone,0.1,2CRO,5,0.904,0.4308,2.46946122668849
fullbackbone,0.1,2CRO,6,0.8893,0.4769,2.4334256570015524
fullbackbone,0.1,2CRO,7,0.8872,0.4615,2.4283208250714012
fullbackbone,0.1,2CRO,8,0.8634,0.4615,2.3712091146266494
fullbackbone,0.1,2GB1,1,1.1479,0.3036,3.151567663522672
fullbackbone,0.1,2GB1,2,1.0483,0.3571,2.852797238129376
fullbackbone,0.1,2GB1,3,1.0765,0.3393,2.9343911877752547
fullbackbone,0.1,2GB1,4,1.0177,0.3036,2.766823745486986
fullbackbone,0.1,2GB1,5,1.0376,0.2679,2.8224350351475107
fullbackbone,0.1,2GB1,6,0.936,0.3036,2.5497619452281173
fullbackbone,0.1,2GB1,7,1.0216,0.3036,2.777635427169864
fullbackbone,0.1,2GB1,8,1.0431,0.3393,2.8380011955422306
fullbackbone,0.1,2LZM,1,0.814,0.622,2.2569176258887524
fullbackbone,0.1,2LZM,2,0.849,0.622,2.3373083745076473
fullbackbone,0.1,2LZM,3,0.8297,0.622,2.292630847831128
fullbackbone,0.1,2LZM,4,0.8502,0.5793,2.3401148280924327
fullbackbone,0.1,2LZM,5,0.8748,0.5915,2.3983955668826122
fullbackbone,0.1,2LZM,6,0.858,0.6098,2.3584390954904646
fullbackbone,0.1,2LZM,7,0.8449,0.5915,2.3277450284282786
fullbackbone,0.1,2LZM,8,0.8506,0.5793,2.34105106125782
fullbackbone,0.1,2PCY,1,0.7599,0.5556,2.138062403565794
fullbackbone,0.1,2PCY,2,0.8302,0.4949,2.2937774498816688
fullbackbone,0.1,2PCY,3,0.7855,0.4848,2.1935034183001307
fullbackbone,0.1,2PCY,4,0.8035,0.5758,2.233343969097648
fullbackbone,0.1,2PCY,5,0.7862,0.5657,2.1950394082266955
fullbackbone,0.1,2PCY,6,0.8102,0.5253,2.248357613234964
fullbackbone,0.1,2PCY,7,0.7982,0.5455,2.2215385580352325
fullbackbone,0.1,2PCY,8,0.7624,0.5354,2.1434142465910715
fullbackbone,0.1,2PTL,1,1.3231,0.2179,3.7550439892712135
fullbackbone,0.1,2PTL,2,1.2717,0.2308,3.566911160060462
fullbackbone,0.1,2PTL,3,1.3079,0.1667,3.6983989138101157
fullbackbone,0.1,2PTL,4,1.2646,0.2051,3.541675782424168
fullbackbone,0.1,2PTL,5,1.2161,0.1795,3.3740034275681188
fullbackbone,0.1,2PTL,6,1.1187,0.2179,3.0608724815086403
fullbackbone,0.1,2PTL,7,1.1906,0.2308,3.2890540479005184
fullbackbone,0.1,2PTL,8,1.2774,0.1923,3.5873006083961623
fullbackbone,0.1,3CHY,1,0.8614,0.4688,2.3664714356555936
fullbackbone,0.1,3CHY,2,0.8924,0.4766,2.4409809812402727
fullbackbone,0.1,3CHY,3,0.8935,0.4609,2.4436675376547705
fullbackbone,0.1,3CHY,4,0.8821,0.5,2.415967915557717
fullbackbone,0.1,3CHY,5,0.8921,0.5312,2.440248796779061
fullbackbone,0.1,3CHY,6,0.8742,0.4766,2.3969569611673553
fullbackbone,0.1,3CHY,7,0.8707,0.4297,2.3885822760513786
fullbackbone,0.1,3CHY,8,0.8134,0.4219,2.2555638814771553
fullbackbone,0.1,3PGK,1,1.2271,0.2072,3.4113223430079826
fullbackbone,0.1,3PGK,2,1.2074,0.2048,3.3447769174134296
fullbackbone,0.1,3PGK,3,1.2579,0.2096,3.518025870357662
fullbackbone,0.1,3PGK,4,1.1732,0.2072,3.2323195291845623
fullbackbone,0.1,3PGK,5,1.2384,0.1976,3.450088904046201
fullbackbone,0.1,3PGK,6,1.2247,0.2096,3.4031449861381375
fullbackbone,0.1,3PGK,7,1.2319,0.188,3.427736051640831
fullbackbone,0.1,3PGK,8,1.2104,0.212,3.354826314724589
fullbackbone,0.1,4HHB,1,0.8397,0.4913,2.3156721709141483
fullbackbone,0.1,4HHB,2,0.8397,0.4913,2.3156721709141483
fullbackbone,0.1,4HHB,3,0.8486,0.4704,2.3363736381175855
fullbackbone,0.1,4HHB,4,0.8408,0.5,2.318220811797652
fullbackbone,0.1,4HHB,5,0.8158,0.4965,2.260983736016618
fullbackbone,0.1,4HHB,6,0.8344,0.5017,2.3034315746416083
fullbackbone,0.1,4HHB,7,0.8583,0.5017,2.3591467333594847
fullbackbone,0.1,4HHB,8,0.8449,0.4895,2.3277450284282786
fullbackbone,0.2,1AKI,1,0.9381,0.5194,2.55512207147581
fullbackbone,0.2,1AKI,2,1.0263,0.5349,2.790721040781124
fullbackbone,0.2,1AKI,3,1.0105,0.4961,2.7469741587817587
fullbackbone,0.2,1AKI,4,0.9498,0.5426,2.585192569094729
fullbackbone,0.2,1AKI,5,1.0228,0.5349,2.780970590380174
fullbackbone,0.2,1AKI,6,0.9886,0.5116,2.687469380267396
fullbackbone,0.2,1AKI,7,0.8664,0.5349,2.3783334230899937
fullbackbone,0.2,1AKI,8,0.8954,0.5426,2.4483149195910667
fullbackbone,0.2,1BPI,1,0.9885,0.4828,2.687200646766268
fullbackbone,0.2,1BPI,2,1.3595,0.4138,3.8942456920873187
fullbackbone,0.2,1BPI,3,1.1608,0.4483,3.192486243787988
fullbackbone,0.2,1BPI,4,1.1669,0.5,3.21201992703835
fullbackbone,0.2,1BPI,5,1.0739,0.4828,2.9267716803390282
fullbackbone,0.2,1BPI,6,1.2192,0.4655,3.3844790670455303
fullbackbone,0.2,1BPI,7,1.1775,0.5172,3.246248428832192
fullbackbone,0.2,1BPI,8,1.1717,0.431,3.2274746844327575
fullbackbone,0.2,1CRN,1,0.9296,0.5435,2.53349557668051
fullbackbone,0.2,1CRN,2,0.94,0.5217,2.5599814183292713
fullbackbone,0.2,1CRN,3,1.0951,0.5,2.9894816166081144
fullbackbone,0.2,1CRN,4,0.9481,0.4565,2.580801475214588
fullbackbone,0.2,1CRN,5,0.9573,0.5435,2.604654404016631
fullbackbone,0.2,1CRN,6,1.0417,0.6087,2.8340307738121853
fullbackbone,0.2,1CRN,7,0.984,0.4783,2.6751354109963805
fullbackbone,0.2,1CRN,8,1.082,0.4783,2.9505748034549604
fullbackbone,0.2,1CSP,1,1.1056,0.5373,3.021036547056965
fullbackbone,0.2,1CSP,2,1.1959,0.4776,3.3065323108374924
fullbackbone,0.2,1CSP,3,1.0835,0.5224,2.9550039867171174
fullbackbone,0.2,1CSP,4,1.1072,0.4627,3.0258740745222226
fullbackbone,0.2,1CSP,5,1.1466,0.4627,3.147473287481145
fullbackbone,0.2,1CSP,6,1.0973,0.5075,2.9960657160184168
fullbackbone,0.2,1CSP,7,1.0744,0.4627,2.9282354320866397
fullbackbone,0.2,1CSP,8,1.1155,0.5522,3.051093344531837
fullbackbone,0.2,1ENH,1,1.0847,0.3519,2.958552119955345
fullbackbone,0.2,1ENH,2,1.2818,0.4259,3.6031195071291693
fullbackbone,0.2,1ENH,3,1.077,0.3889,2.935858750229181
fullbackbone,0.2,1ENH,4,1.2095,0.3704,3.3518083293384753
fullbackbone,0.2,1ENH,5,1.1503,0.3519,3.1591405096955687
fullbackbone,0.2,1ENH,6,1.2949,0.3519,3.6506308927982287
fullbackbone,0.2,1ENH,7,1.3033,0.3889,3.6814253479381382
fullbackbone,0.2,1ENH,8,1.3313,0.3704,3.7859619403392246
fullbackbone,0.2,1FKB,1,1.0378,0.5607,2.8229995786070043
fullbackbone,0.2,1FKB,2,0.9881,0.6075,2.6861259814549525
fullbackbone,0.2,1FKB,3,1.1041,0.5047,3.0165083892037994
fullbackbone,0.2,1FKB,4,1.1303,0.5421,3.096585336393223
fullbackbone,0.2,1FKB,5,0.984,0.5327,2.6751354109963805
fullbackbone,0.2,1FKB,6,1.0364,0.514,2.8190501444459413
fullbackbone,0.2,1FKB,7,1.0437,0.5701,2.839704507201955
fullbackbone,0.2,1FKB,8,0.9751,0.6075,2.6514323409599827
fullbackbone,0.2,1HEL,1,0.9662,0.5504,2.627939292265623
fullbackbone,0.2,1HEL,2,0.9662,0.5426,2.627939292265623
fullbackbone,0.2,1HEL,3,0.9778,0.5271,2.6586008814553557
fullbackbone,0.2,1HEL,4,0.9859,0.5039,2.680222999956269
fullbackbone,0.2,1HEL,5,0.9525,0.5581,2.5921820205446506
fullbackbone,0.2,1HEL,6,1.1161,0.5271,3.0529245498452147
fullbackbone,0.2,1HEL,7,0.9012,0.5659,2.462556406513156
fullbackbone,0.2,1HEL,8,1.0302,0.5271,2.8016261038910706
fullbackbone,0.2,1IGD,1,1.0898,0.5082,2.973679277230069
fullbackbone,0.2,1IGD,2,1.2016,0.5082,3.325433361830027
fullbackbone,0.2,1IGD,3,1.0429,0.4918,2.8374336520593624
fullbackbone,0.2,1IGD,4,1.0904,0.5574,2.975464020165745
fullbackbone,0.2,1IGD,5,1.0477,0.541,2.851086073187316
fullbackbone,0.2,1IGD,6,1.1301,0.4754,3.095966081253523
fullbackbone,0.2,1IGD,7,1.1921,0.4918,3.2939913310089595
fullbackbone,0.2,1IGD,8,1.1639,0.541,3.2023983069036506
fullbackbone,0.2,1LZ1,1,1.1807,0.5077,3.256653062339448
fullbackbone,0.2,1LZ1,2,1.1129,0.4923,3.043170805599696
fullbackbone,0.2,1LZ1,3,0.944,0.5308,2.570241851187732
fullbackbone,0.2,1LZ1,4,1.1141,0.5692,3.0468248025260922
fullbackbone,0.2,1LZ1,5,1.0188,0.4692,2.76986892614933
fullbackbone,0.2,1LZ1,6,1.0139,0.5231,2.7563297664420725
fullbackbone,0.2,1LZ1,7,1.0416,0.5154,2.8337473849044854
fullbackbone,0.2,1LZ1,8,0.9813,0.5,2.667922287485402
fullbackbone,0.2,1MBN,1,1.0988,0.3856,3.000563186852294
fullbackbone,0.2,1MBN,2,1.1176,0.3529,3.057507372928015
fullbackbone,0.2,1MBN,3,1.1605,0.3791,3.1915286415623676
fullbackbone,0.2,1MBN,4,1.1529,0.366,3.1673649621758937
fullbackbone,0.2,1MBN,5,1.1542,0.3333,3.1714852142102754
fullbackbone,0.2,1MBN,6,1.2108,0.3464,3.3561685136723733
fullbackbone,0.2,1MBN,7,1.2962,0.3922,3.655379799079145
fullbackbone,0.2,1MBN,8,1.2038,0.3529,3.3327573686795717
fullbackbone,0.2,1PIN,1,1.0821,0.4641,2.9508698756886718
fullbackbone,0.2,1PIN,2,1.0555,0.4575,2.8734115005350316
fullbackbone,0.2,1PIN,3,1.1915,0.451,3.292015529010228
fullbackbone,0.2,1PIN,4,1.1469,0.4444,3.1484176711178518
fullbackbone,0.2,1PIN,5,1.1075,0.4248,3.0267819729225303
fullbackbone,0.2,1PIN,6,1.2477,0.4183,3.4823243935430357
fullbackbone,0.2,1PIN,7,1.1446,0.4183,3.141184631658224
fullbackbone,0.2,1PIN,8,1.091,0.4641,2.977249834268501
fullbackbone,0.2,1R69,1,0.8967,0.4762,2.451499798709425
fullbackbone,0.2,1R69,2,1.1216,0.4444,3.0697618951247616
fullbackbone,0.2,1R69,3,0.9647,0.4921,2.6240003382812667
fullbackbone,0.2,1R69,4,1.0138,0.5079,2.756054147246618
fullbackbone,0.2,1R69,5,0.9942,0.4762,2.7025614270874607
fullbackbone,0.2,1R69,6,0.9216,0.4921,2.5133084681655893
fullbackbone,0.2,1R69,7,0.9742,0.4127,2.6490471253611405
fullbackbone,0.2,1R69,8,1.0062,0.4921,2.73518752931358
fullbackbone,0.2,1RIS,1,1.131,0.4124,3.098753704969158
fullbackbone,0.2,1RIS,2,1.1782,0.3093,3.248521598248849
fullbackbone,0.2,1RIS,3,1.1749,0.3299,3.237819145733752
fullbackbone,0.2,1RIS,4,1.34,0.268,3.819043505366336
fullbackbone,0.2,1RIS,5,1.1534,0.299,3.168949040643597
fullbackbone,0.2,1RIS,6,1.2127,0.3093,3.3625512955710004
fullbackbone,0.2,1RIS,7,1.208,0.3402,3.3467843857441526
fullbackbone,0.2,1RIS,8,1.158,0.3299,3.1835597851793858
fullbackbone,0.2,1SHG,1,1.0275,0.4561,2.7940719161531797
fullbackbone,0.2,1SHG,2,1.1647,0.5263,3.204961250589958
fullbackbone,0.2,1SHG,3,1.1471,0.5439,3.1490474176246264
fullbackbone,0.2,1SHG,4,1.0518,0.4211,2.862799522249376
fullbackbone,0.2,1SHG,5,0.9901,0.4561,2.691503609253118
fullbackbone,0.2,1SHG,6,1.0082,0.4561,2.7406633783960066
fullbackbone,0.2,1SHG,7,1.0467,0.4386,2.848236412182103
fullbackbone,0.2,1SHG,8,0.9848,0.4211,2.677276375596833
fullbackbone,0.2,1STN,1,1.0093,0.4853,2.743679766821724
fullbackbone,0.2,1STN,2,1.1209,0.4191,3.067613813714382
fullbackbone,0.2,1STN,3,1.0757,0.4191,2.9320446135798632
fullbackbone,0.2,1STN,4,1.0165,0.4338,2.763505548308892
fullbackbone,0.2,1STN,5,1.0611,0.4485,2.889547744251071
fullbackbone,0.2,1STN,6,1.0718,0.4632,2.92063190882677
fullbackbone,0.2,1STN,7,1.1317,0.4926,3.10092359193447
fullbackbone,0.2,1STN,8,1.1301,0.4265,3.095966081253523
fullbackbone,0.2,1TIM,1,1.2264,0.2874,3.4089352529468706
fullbackbone,0.2,1TIM,2,1.2362,0.2895,3.4425070515530556
fullbackbone,0.2,1TIM,3,1.1952,0.2915,3.3042185481313324
fullbackbone,0.2,1TIM,4,1.1749,0.2773,3.237819145733752
fullbackbone,0.2,1TIM,5,1.1632,0.2773,3.200157412493365
fullbackbone,0.2,1TIM,6,1.2605,0.3036,3.527184638860206
fullbackbone,0.2,1TIM,7,1.2567,0.2854,3.5138067712789716
fullbackbone,0.2,1TIM,8,1.2226,0.2834,3.396005880351944
fullbackbone,0.2,1TUP,1,1.2143,0.3385,3.367935684005993
fullbackbone,0.2,1TUP,2,1.1307,0.3556,3.097824218287641
fullbackbone,0.2,1TUP,3,1.1483,0.359,3.1528285427471148
fullbackbone,0.2,1TUP,4,1.157,0.335,3.1803778166436385
fullbackbone,0.2,1TUP,5,1.1619,0.3248,3.1959999108187267
fullbackbone,0.2,1TUP,6,1.1794,0.3675,3.252422164038154
fullbackbone,0.2,1TUP,7,1.2088,0.3385,3.349462884509401
fullbackbone,0.2,1TUP,8,1.2097,0.3299,3.352478758044979
fullbackbone,0.2,1UBI,1,0.9591,0.5526,2.609347004016859
fullbackbone,0.2,1UBI,2,1.0154,0.6053,2.7604673635137402
fullbackbone,0.2,1UBI,3,0.9007,0.5921,2.4613254360781536
fullbackbone,0.2,1UBI,4,1.0711,0.5132,2.918588181878475
fullbackbone,0.2,1UBI,5,1.0925,0.5921,2.9817190601012986
fullbackbone,0.2,1UBI,6,0.9522,0.4474,2.5914044825750144
fullbackbone,0.2,1UBI,7,0.926,0.5132,2.524391389973053
fullbackbone,0.2,1UBI,8,0.9383,0.5526,2.555633146995954
fullbackbone,0.2,1UBQ,1,1.0014,0.4737,2.722090088178676
fullbackbone,0.2,1UBQ,2,1.0345,0.5789,2.8136990343358907
fullbackbone,0.2,1UBQ,3,1.146,0.5921,3.145585369940555
fullbackbone,0.2,1UBQ,4,0.9866,0.4605,2.68209981286412
fullbackbone,0.2,1UBQ,5,0.9887,0.4605,2.6877381406432175
fullbackbone,0.2,1UBQ,6,0.9589,0.5263,2.6088251867995167
fullbackbone,0.2,1UBQ,7,0.9572,0.5658,2.604393951599067
fullbackbone,0.2,1UBQ,8,1.101,0.4868,3.007171692554211
fullbackbone,0.2,1VII,1,1.2299,0.1944,3.420887430441622
fullbackbone,0.2,1VII,2,1.2559,0.1944,3.5109968499803306
fullbackbone,0.2,1VII,3,1.1117,0.25,3.039521190839786
fullbackbone,0.2,1VII,4,1.2317,0.25,3.427050572980654
fullbackbone,0.2,1VII,5,1.1051,0.1389,3.019526406350075
fullbackbone,0.2,1VII,6,1.1758,0.1667,3.24073449467515
fullbackbone,0.2,1VII,7,1.2158,0.25,3.3729913783548207
fullbackbone,0.2,1VII,8,1.28,0.25,3.5966397255692817
fullbackbone,0.2,2ACY,1,1.1716,0.3673,3.2271519531011497
fullbackbone,0.2,2ACY,2,1.0554,0.4388,2.873124173751556
fullbackbone,0.2,2ACY,3,1.2257,0.4388,3.4065498332641018
fullbackbone,0.2,2ACY,4,1.3199,0.3776,3.7430470538396197
fullbackbone,0.2,2ACY,5,1.1959,0.449,3.3065323108374924
fullbackbone,0.2,2ACY,6,1.0959,0.4286,2.991874158790672
fullbackbone,0.2,2ACY,7,1.1348,0.398,3.110551370415869
fullbackbone,0.2,2ACY,8,1.229,0.4082,3.41781001679809
fullbackbone,0.2,2CI2,1,1.0117,0.5692,2.7502725063850577
fullbackbone,0.2,2CI2,2,1.033,0.5077,2.8094816496136876
fullbackbone,0.2,2CI2,3,1.1168,0.5385,3.055062345171177
fullbackbone,0.2,2CI2,4,1.0768,0.5385,2.9352716371923964
fullbackbone,0.2,2CI2,5,1.0134,0.5077,2.7549519460426564
fullbackbone,0.2,2CI2,6,1.1586,0.4308,3.1854704942058807
fullbackbone,0.2,2CI2,7,1.0916,0.5385,2.979036720181229
fullbackbone,0.2,2CI2,8,0.9627,0.5077,2.6187575821084623
fullbackbone,0.2,2CRO,1,1.0776,0.5385,2.9376207940396
fullbackbone,0.2,2CRO,2,0.9404,0.4923,2.5610056157224257
fullbackbone,0.2,2CRO,3,0.9517,0.4462,2.590109104205306
fullbackbone,0.2,2CRO,4,0.9265,0.4462,2.525653901269561
fullbackbone,0.2,2CRO,5,0.9997,0.4308,2.7174664662209587
fullbackbone,0.2,2CRO,6,1.006,0.4462,2.734640546507821
fullbackbone,0.2,2CRO,7,1.0309,0.4615,2.803587928722377
fullbackbone,0.2,2CRO,8,0.931,0.4308,2.5370449544725853
fullbackbone,0.2,2GB1,1,1.2416,0.375,3.461146871851507
fullbackbone,0.2,2GB1,2,1.2315,0.3036,3.4263652314025
fullbackbone,0.2,2GB1,3,1.2711,0.3036,3.5647716552800444
fullbackbone,0.2,2GB1,4,1.1568,0.2857,3.179741804683626
fullbackbone,0.2,2GB1,5,1.1283,0.25,3.0903983547643925
fullbackbone,0.2,2GB1,6,1.0604,0.3214,2.8875257686041356
fullbackbone,0.2,2GB1,7,1.1306,0.3036,3.097514451354417
fullbackbone,0.2,2GB1,8,1.1307,0.3214,3.097824218287641
fullbackbone,0.2,2LZM,1,0.983,0.6098,2.672461612707345
fullbackbone,0.2,2LZM,2,0.9527,0.6098,2.5927005087958563
fullbackbone,0.2,2LZM,3,1.0779,0.5793,2.938502212483969
fullbackbone,0.2,2LZM,4,0.984,0.5854,2.6751354109963805
fullbackbone,0.2,2LZM,5,1.0564,0.5427,2.8759987349663687
fullbackbone,0.2,2LZM,6,1.0543,0.5488,2.8699654747633754
fullbackbone,0.2,2LZM,7,1.0187,0.5366,2.769591953105598
fullbackbone,0.2,2LZM,8,1.011,0.5671,2.7483479892901554
fullbackbone,0.2,2PCY,1,1.0877,0.4242,2.9674411031232264
fullbackbone,0.2,2PCY,2,1.2177,0.4646,3.3794061540808564
fullbackbone,0.2,2PCY,3,1.0092,0.4949,2.7434054125629834
fullbackbone,0.2,2PCY,4,0.9466,0.5758,2.5769331749522686
fullbackbone,0.2,2PCY,5,1.0138,0.5354,2.756054147246618
fullbackbone,0.2,2PCY,6,0.9871,0.5051,2.6834411980889126
fullbackbone,0.2,2PCY,7,1.1015,0.4747,3.0086756543596067
fullbackbone,0.2,2PCY,8,0.9592,0.5051,2.609607951764431
fullbackbone,0.2,2PTL,1,1.4991,0.2308,4.477657364714432
fullbackbone,0.2,2PTL,2,1.4814,0.2308,4.399100111968554
fullbackbone,0.2,2PTL,3,1.3862,0.1795,3.99962257332792
fullbackbone,0.2,2PTL,4,1.3163,0.2051,3.7295963103109484
fullbackbone,0.2,2PTL,5,1.3338,0.1923,3.7954386861865776
fullbackbone,0.2,2PTL,6,1.2325,0.2436,3.4297933103877214
fullbackbone,0.2,2PTL,7,1.3972,0.2051,4.043861288495134
fullbackbone,0.2,2PTL,8,1.411,0.1538,4.100053408135779
fullbackbone,0.2,3CHY,1,1.0358,0.4531,2.817359221686829
fullbackbone,0.2,3CHY,2,1.0216,0.4766,2.777635427169864
fullbackbone,0.2,3CHY,3,1.0568,0.4609,2.8771493645709345
fullbackbone,0.2,3CHY,4,1.0209,0.4297,2.7756917627327637
fullbackbone,0.2,3CHY,5,1.096,0.4844,2.9921733611664205
fullbackbone,0.2,3CHY,6,1.0654,0.4766,2.9019995517513215
fullbackbone,0.2,3CHY,7,1.0321,0.3984,2.8069542536278287
fullbackbone,0.2,3CHY,8,1.02,0.4375,2.7731947639642978
fullbackbone,0.2,3PGK,1,1.3422,0.2145,3.8274546499446833
fullbackbone,0.2,3PGK,2,1.3395,0.2048,3.817134460914537
fullbackbone,0.2,3PGK,3,1.4083,0.2289,4.088998195187335
fullbackbone,0.2,3PGK,4,1.2851,0.2024,3.6150294420871116
fullbackbone,0.2,3PGK,5,1.3318,0.2024,3.7878553946335214
fullbackbone,0.2,3PGK,6,1.3558,0.2024,3.8798636062928744
fullbackbone,0.2,3PGK,7,1.3392,0.2096,3.8159894923301376
fullbackbone,0.2,3PGK,8,1.3685,0.2169,3.929452094483995
fullbackbone,0.2,4HHB,1,0.997,0.4739,2.7101392030187967
fullbackbone,0.2,4HHB,2,1.0166,0.453,2.7637819126817114
fullbackbone,0.2,4HHB,3,1.0567,0.4634,2.8768616640197444
fullbackbone,0.2,4HHB,4,0.9929,0.4774,2.6990503799073866
fullbackbone,0.2,4HHB,5,0.9713,0.4652,2.6413760171806224
fullbackbone,0.2,4HHB,6,0.9964,0.4669,2.7085136072244915
fullbackbone,0.2,4HHB,7,1.0432,0.4878,2.838285009852264
fullbackbone,0.2,4HHB,8,1.0161,0.4826,2.762400367140538
fullbackbone,0.3,1AKI,1,1.3394,0.4651,3.8167527665534817
fullbackbone,0.3,1AKI,2,1.3591,0.4729,3.892688305308605
fullbackbone,0.3,1AKI,3,1.3198,0.4806,3.7426727678488474
fullbackbone,0.3,1AKI,4,1.3153,0.4806,3.7258685781773484
fullbackbone,0.3,1AKI,5,1.2792,0.5581,3.593763564406686
fullbackbone,0.3,1AKI,6,1.315,0.4884,3.724750985251216
fullbackbone,0.3,1AKI,7,1.216,0.4651,3.3736660440948167
fullbackbone,0.3,1AKI,8,1.2441,0.5116,3.4698105641341495
fullbackbone,0.3,1BPI,1,1.3353,0.4828,3.801136116220114
fullbackbone,0.3,1BPI,2,1.6946,0.3966,5.444467742500299
fullbackbone,0.3,1BPI,3,1.4366,0.3793,4.206369819215701
fullbackbone,0.3,1BPI,4,1.656,0.3966,5.238315619512605
fullbackbone,0.3,1BPI,5,1.3452,0.3966,3.838954254676913
fullbackbone,0.3,1BPI,6,1.373,0.431,3.947174474357382
fullbackbone,0.3,1BPI,7,1.4817,0.4483,4.400420039981447
fullbackbone,0.3,1BPI,8,1.4712,0.4483,4.354457355934273
fullbackbone,0.3,1CRN,1,1.0834,0.5435,2.954708501092973
fullbackbone,0.3,1CRN,2,1.2896,0.5,3.6313337317146868
fullbackbone,0.3,1CRN,3,1.3224,0.5,3.7524163782498756
fullbackbone,0.3,1CRN,4,1.1264,0.4348,3.0845321725282075
fullbackbone,0.3,1CRN,5,1.4078,0.4783,4.086954207129338
fullbackbone,0.3,1CRN,6,1.2789,0.5652,3.592685597040554
fullbackbone,0.3,1CRN,7,1.4633,0.3913,4.320192666550213
fullbackbone,0.3,1CRN,8,1.2467,0.4348,3.4788438097314467
fullbackbone,0.3,1CSP,1,1.4524,0.403,4.273358277603138
fullbackbone,0.3,1CSP,2,1.3813,0.4776,3.980072359858316
fullbackbone,0.3,1CSP,3,1.4936,0.4925,4.453097849784971
fullbackbone,0.3,1CSP,4,1.4146,0.3731,4.114840200661883
fullbackbone,0.3,1CSP,5,1.3837,0.4179,3.9896360053059636
fullbackbone,0.3,1CSP,6,1.3877,0.4328,4.005626509013937
fullbackbone,0.3,1CSP,7,1.3718,0.4478,3.942440705817329
fullbackbone,0.3,1CSP,8,1.3211,0.4776,3.7475414063764267
fullbackbone,0.3,1ENH,1,1.1787,0.3704,3.25014626518086
fullbackbone,0.3,1ENH,2,1.3523,0.3704,3.866307820134822
fullbackbone,0.3,1ENH,3,1.4431,0.3333,4.233800275445352
fullbackbone,0.3,1ENH,4,1.3749,0.3704,3.9546812350230094
fullbackbone,0.3,1ENH,5,1.3726,0.3889,3.945595920299498
fullbackbone,0.3,1ENH,6,1.4666,0.3333,4.334472851696053
fullbackbone,0.3,1ENH,7,1.4717,0.3519,4.356635129010139
fullbackbone,0.3,1ENH,8,1.3982,0.2963,4.0479071723884195
fullbackbone,0.3,1FKB,1,1.3854,0.5421,3.996424154807247
fullbackbone,0.3,1FKB,2,1.3651,0.5421,3.9161146438771888
fullbackbone,0.3,1FKB,3,1.6678,0.4112,5.300493874051293
fullbackbone,0.3,1FKB,4,1.295,0.4393,3.6509959741412716
fullbackbone,0.3,1FKB,5,1.3176,0.4953,3.7344479383893328
fullbackbone,0.3,1FKB,6,1.348,0.4579,3.8497183893459788
fullbackbone,0.3,1FKB,7,1.4955,0.486,4.461566778634233
fullbackbone,0.3,1FKB,8,1.3181,0.5327,3.7363156292423305
fullbackbone,0.3,1HEL,1,1.316,0.5039,3.728477599232907
fullbackbone,0.3,1HEL,2,1.3909,0.4729,4.018465044544082
fullbackbone,0.3,1HEL,3,1.4923,0.4729,4.447312583817887
fullbackbone,0.3,1HEL,4,1.2247,0.4806,3.4031449861381375
fullbackbone,0.3,1HEL,5,1.3584,0.4884,3.889964376981031
fullbackbone,0.3,1HEL,6,1.3675,0.4806,3.925524606460813
fullbackbone,0.3,1HEL,7,1.2736,0.5271,3.5736947336187326
fullbackbone,0.3,1HEL,8,1.3921,0.5271,4.023290097050032
fullbackbone,0.3,1IGD,1,1.206,0.4918,3.3400975060812867
fullbackbone,0.3,1IGD,2,1.5631,0.3934,4.773596480780528
fullbackbone,0.3,1IGD,3,1.3012,0.4262,3.6737024665710623
fullbackbone,0.3,1IGD,4,1.5124,0.4754,4.537607995641142
fullbackbone,0.3,1IGD,5,1.5763,0.3934,4.837025665959921
fullbackbone,0.3,1IGD,6,1.4365,0.3934,4.205949203264927
fullbackbone,0.3,1IGD,7,1.3868,0.4918,4.002023066947987
fullbackbone,0.3,1IGD,8,1.371,0.4918,3.939288014497347
fullbackbone,0.3,1LZ1,1,1.3708,0.5,3.938500235674956
fullbackbone,0.3,1LZ1,2,1.4522,0.4154,4.272503691409085
fullbackbone,0.3,1LZ1,3,1.3713,0.5077,3.9404699781873846
fullbackbone,0.3,1LZ1,4,1.4453,0.4538,4.243124889365717
fullbackbone,0.3,1LZ1,5,1.4225,0.3769,4.147476180633886
fullbackbone,0.3,1LZ1,6,1.3274,0.4692,3.7712254436190107
fullbackbone,0.3,1LZ1,7,1.4114,0.4615,4.101693757547045
fullbackbone,0.3,1LZ1,8,1.2261,0.4385,3.407912725757734
fullbackbone,0.3,1MBN,1,1.3969,0.3595,4.042648312064148
fullbackbone,0.3,1MBN,2,1.3605,0.3007,3.898141885551456
fullbackbone,0.3,1MBN,3,1.288,0.3595,3.6255282433731204
fullbackbone,0.3,1MBN,4,1.3494,0.3464,3.855111769576305
fullbackbone,0.3,1MBN,5,1.3213,0.3268,3.748290989613527
fullbackbone,0.3,1MBN,6,1.3647,0.3268,3.914548511267042
fullbackbone,0.3,1MBN,7,1.3572,0.3987,3.885299219383031
fullbackbone,0.3,1MBN,8,1.383,0.3072,3.9868442373350366
fullbackbone,0.3,1PIN,1,1.3487,0.4183,3.85241413561964
fullbackbone,0.3,1PIN,2,1.3138,0.4052,3.720283964817218
fullbackbone,0.3,1PIN,3,1.4491,0.4183,4.259279438148693
fullbackbone,0.3,1PIN,4,1.4585,0.4118,4.299505430835963
fullbackbone,0.3,1PIN,5,1.5192,0.3464,4.568568877708024
fullbackbone,0.3,1PIN,6,1.5179,0.4248,4.56263359693539
fullbackbone,0.3,1PIN,7,1.3872,0.3987,4.003624196379304
fullbackbone,0.3,1PIN,8,1.3557,0.3987,3.879475639330917
fullbackbone,0.3,1R69,1,1.1555,0.4921,3.1756108260554248
fullbackbone,0.3,1R69,2,1.3843,0.4286,3.992030505187277
fullbackbone,0.3,1R69,3,1.3041,0.4127,3.6843716665868116
fullbackbone,0.3,1R69,4,1.1754,0.4762,3.239438460101475
fullbackbone,0.3,1R69,5,1.2929,0.4127,3.643336927409343
fullbackbone,0.3,1R69,6,1.0463,0.3968,2.847097345445765
fullbackbone,0.3,1R69,7,1.0746,0.381,2.92882113774167
fullbackbone,0.3,1R69,8,1.2271,0.3968,3.4113223430079826
fullbackbone,0.3,1RIS,1,1.4844,0.3711,4.41231722806577
fullbackbone,0.3,1RIS,2,1.6526,0.3093,5.220535589585232
fullbackbone,0.3,1RIS,3,1.366,0.2887,3.9196407335590244
fullbackbone,0.3,1RIS,4,1.7172,0.2887,5.568913655510028
fullbackbone,0.3,1RIS,5,1.4316,0.268,4.185390462219089
fullbackbone,0.3,1RIS,6,1.4216,0.2887,4.143745131295363
fullbackbone,0.3,1RIS,7,1.5086,0.2887,4.52039780532889
fullbackbone,0.3,1RIS,8,1.3766,0.3505,3.961409910876535
fullbackbone,0.3,1SHG,1,1.2556,0.4561,3.5099437089043968
fullbackbone,0.3,1SHG,2,1.6321,0.3333,5.114604117371376
fullbackbone,0.3,1SHG,3,1.5931,0.5263,4.918974136884847
fullbackbone,0.3,1SHG,4,1.2515,0.4035,3.495582400497916
fullbackbone,0.3,1SHG,5,1.2504,0.4386,3.4917393739094966
fullbackbone,0.3,1SHG,6,1.3415,0.386,3.8247763691973464
fullbackbone,0.3,1SHG,7,1.3342,0.4561,3.796957165336636
fullbackbone,0.3,1SHG,8,1.5127,0.3509,4.538969482252615
fullbackbone,0.3,1STN,1,1.2838,0.4485,3.610332957189004
fullbackbone,0.3,1STN,2,1.3988,0.4044,4.05033664546089
fullbackbone,0.3,1STN,3,1.3622,0.4191,3.904774362765204
fullbackbone,0.3,1STN,4,1.3261,0.375,3.7663260358473583
fullbackbone,0.3,1STN,5,1.2721,0.4559,3.5683382099154297
fullbackbone,0.3,1STN,6,1.3284,0.4044,3.774998555304047
fullbackbone,0.3,1STN,7,1.5296,0.4265,4.616329920975751
fullbackbone,0.3,1STN,8,1.4295,0.4044,4.1766103645776385
fullbackbone,0.3,1TIM,1,1.5191,0.2733,4.568112043662334
fullbackbone,0.3,1TIM,2,1.5041,0.2733,4.500101715656313
fullbackbone,0.3,1TIM,3,1.3975,0.2692,4.04507462887364
fullbackbone,0.3,1TIM,4,1.3896,0.2591,4.013244434118188
fullbackbone,0.3,1TIM,5,1.4148,0.2794,4.115663251004306
fullbackbone,0.3,1TIM,6,1.4916,0.3016,4.4442005543466045
fullbackbone,0.3,1TIM,7,1.4795,0.2773,4.390749757105
fullbackbone,0.3,1TIM,8,1.4089,0.2611,4.091452330271348
fullbackbone,0.3,1TUP,1,1.5352,0.3009,4.64225388789265
fullbackbone,0.3,1TUP,2,1.4402,0.3385,4.221540040579496
fullbackbone,0.3,1TUP,3,1.5155,0.3265,4.551696406181501
fullbackbone,0.3,1TUP,4,1.4666,0.335,4.334472851696053
fullbackbone,0.3,1TUP,5,1.4866,0.3128,4.422035011609907
fullbackbone,0.3,1TUP,6,1.5643,0.3333,4.779328234922139
fullbackbone,0.3,1TUP,7,1.521,0.3197,4.5767997072121265
fullbackbone,0.3,1TUP,8,1.5624,0.3145,4.7702561325022765
fullbackbone,0.3,1UBI,1,1.3572,0.4737,3.885299219383031
fullbackbone,0.3,1UBI,2,1.3524,0.5263,3.866694470249019
fullbackbone,0.3,1UBI,3,0.9925,0.5526,2.697970975650667
fullbackbone,0.3,1UBI,4,1.3696,0.4605,3.933776869978367
fullbackbone,0.3,1UBI,5,1.5618,0.5132,4.767394837297176
fullbackbone,0.3,1UBI,6,1.0516,0.4605,2.8622270195971
fullbackbone,0.3,1UBI,7,1.1887,0.4737,3.2828107781939124
fullbackbone,0.3,1UBI,8,1.2968,0.5263,3.6575736850585696
fullbackbone,0.3,1UBQ,1,1.2298,0.4342,3.420545358802445
fullbackbone,0.3,1UBQ,2,1.3205,0.5132,3.745293555955163
fullbackbone,0.3,1UBQ,3,1.2498,0.5263,3.489644958672555
fullbackbone,0.3,1UBQ,4,1.2243,0.4605,3.4017840003589845
fullbackbone,0.3,1UBQ,5,1.1931,0.4605,3.29728696988477
fullbackbone,0.3,1UBQ,6,1.2966,0.4868,3.656842243468155
fullbackbone,0.3,1UBQ,7,1.1489,0.4868,3.1547208074954196
fullbackbone,0.3,1UBQ,8,1.3579,0.4737,3.888019880957057
fullbackbone,0.3,1VII,1,1.3297,0.1667,3.7799092446824494
fullbackbone,0.3,1VII,2,1.3836,0.1667,3.9892370616529482
fullbackbone,0.3,1VII,3,1.436,0.2222,4.203846754319332
fullbackbone,0.3,1VII,4,1.569,0.2778,4.801843948104592
fullbackbone,0.3,1VII,5,1.3443,0.1389,3.8355007501578493
fullbackbone,0.3,1VII,6,1.3663,0.1389,3.920816802180565
fullbackbone,0.3,1VII,7,1.3072,0.2778,3.695810940466794
fullbackbone,0.3,1VII,8,1.5046,0.2778,4.50235232912062
fullbackbone,0.3,2ACY,1,1.4989,0.3469,4.476761922788666
fullbackbone,0.3,2ACY,2,1.5186,0.398,4.565828558559351
fullbackbone,0.3,2ACY,3,1.4937,0.398,4.453543181836181
fullbackbone,0.3,2ACY,4,1.6435,0.3265,5.1732442178110025
fullbackbone,0.3,2ACY,5,1.4087,0.3469,4.090634121628885
fullbackbone,0.3,2ACY,6,1.3613,0.3673,3.901261646798008
fullbackbone,0.3,2ACY,7,1.4173,0.3367,4.125965281304051
fullbackbone,0.3,2ACY,8,1.609,0.3367,4.997810917177775
fullbackbone,0.3,2CI2,1,1.396,0.5846,4.039011565364785
fullbackbone,0.3,2CI2,2,1.4816,0.4462,4.399980019978816
fullbackbone,0.3,2CI2,3,1.4941,0.3692,4.455324955439878
fullbackbone,0.3,2CI2,4,1.3328,0.4769,3.791645144587319
fullbackbone,0.3,2CI2,5,1.4063,0.3385,4.080828371344078
fullbackbone,0.3,2CI2,6,1.379,0.4308,3.9709287126557493
fullbackbone,0.3,2CI2,7,1.3139,0.5077,3.7206560118157395
fullbackbone,0.3,2CI2,8,1.2837,0.4769,3.6099719419443486
fullbackbone,0.3,2CRO,1,1.267,0.4,3.5501860124931586
fullbackbone,0.3,2CRO,2,1.1979,0.4154,3.313151992934704
fullbackbone,0.3,2CRO,3,1.1327,0.4154,3.104026066505151
fullbackbone,0.3,2CRO,4,1.277,0.4308,3.585865975098591
fullbackbone,0.3,2CRO,5,1.146,0.4154,3.145585369940555
fullbackbone,0.3,2CRO,6,1.4524,0.4,4.273358277603138
fullbackbone,0.3,2CRO,7,1.405,0.4462,4.0755267412675265
fullbackbone,0.3,2CRO,8,1.2412,0.3846,3.459762689957601
fullbackbone,0.3,2GB1,1,1.4392,0.3393,4.217320610605523
fullbackbone,0.3,2GB1,2,1.5088,0.3036,4.521301975303939
fullbackbone,0.3,2GB1,3,1.3393,0.2857,3.8163711103599542
fullbackbone,0.3,2GB1,4,1.5317,0.375,4.626034399946324
fullbackbone,0.3,2GB1,5,1.4181,0.2321,4.129267374190137
fullbackbone,0.3,2GB1,6,1.3573,0.2143,3.885687768732113
fullbackbone,0.3,2GB1,7,1.2638,0.25,3.5388435748323164
fullbackbone,0.3,2GB1,8,1.3851,0.375,3.9952254073819096
fullbackbone,0.3,2LZM,1,1.2639,0.4451,3.5391974768846075
fullbackbone,0.3,2LZM,2,1.2885,0.4695,3.6273414607613788
fullbackbone,0.3,2LZM,3,1.3234,0.4939,3.7561706714618732
fullbackbone,0.3,2LZM,4,1.2754,0.4878,3.58013317699991
fullbackbone,0.3,2LZM,5,1.3744,0.4878,3.952704388658274
fullbackbone,0.3,2LZM,6,1.347,0.4512,3.8458705951743677
fullbackbone,0.3,2LZM,7,1.2653,0.4634,3.544155823384933
fullbackbone,0.3,2LZM,8,1.2886,0.4817,3.6277042130447668
fullbackbone,0.3,2PCY,1,1.2732,0.4242,3.5722655415827482
fullbackbone,0.3,2PCY,2,1.4469,0.4343,4.24991932328636
fullbackbone,0.3,2PCY,3,1.3253,0.4545,3.7633141799216823
fullbackbone,0.3,2PCY,4,1.2448,0.4141,3.4722402818310236
fullbackbone,0.3,2PCY,5,1.3828,0.4848,3.986046948219139
fullbackbone,0.3,2PCY,6,1.3481,0.404,3.8501033804341467
fullbackbone,0.3,2PCY,7,1.3992,0.4343,4.0519571041892135
fullbackbone,0.3,2PCY,8,1.3936,0.4141,4.029329560660916
fullbackbone,0.3,2PTL,1,1.6406,0.1795,5.158263542058148
fullbackbone,0.3,2PTL,2,1.6628,0.2051,5.274057550565403
fullbackbone,0.3,2PTL,3,1.7551,0.1795,5.784026115649174
fullbackbone,0.3,2PTL,4,1.589,0.2308,4.8988476304556725
fullbackbone,0.3,2PTL,5,1.6488,0.1795,5.200735198913549
fullbackbone,0.3,2PTL,6,1.5969,0.2308,4.937701798626705
fullbackbone,0.3,2PTL,7,1.5056,0.141,4.5068569333764845
fullbackbone,0.3,2PTL,8,1.5264,0.1795,4.601581275646663
fullbackbone,0.3,3CHY,1,1.1851,0.5,3.271013906502078
fullbackbone,0.3,3CHY,2,1.2747,0.4609,3.5776279607040093
fullbackbone,0.3,3CHY,3,1.2465,0.4219,3.4781481105417384
fullbackbone,0.3,3CHY,4,1.3484,0.4141,3.851258584720256
fullbackbone,0.3,3CHY,5,1.2897,0.3828,3.6316968832451324
fullbackbone,0.3,3CHY,6,1.3689,0.4375,3.9310241897198743
fullbackbone,0.3,3CHY,7,1.4486,0.3672,4.257150330750824
fullbackbone,0.3,3CHY,8,1.3418,0.4453,3.8259239742402555
fullbackbone,0.3,3PGK,1,1.4943,0.212,4.456216109543407
fullbackbone,0.3,3PGK,2,1.5567,0.1904,4.743143018331119
fullbackbone,0.3,3PGK,3,1.5307,0.2241,4.621410677792764
fullbackbone,0.3,3PGK,4,1.4841,0.2048,4.4109937314317715
fullbackbone,0.3,3PGK,5,1.5102,0.2072,4.5276362310137666
fullbackbone,0.3,3PGK,6,1.5461,0.2072,4.693131233074806
fullbackbone,0.3,3PGK,7,1.5495,0.1928,4.709115036335076
fullbackbone,0.3,3PGK,8,1.596,0.2265,4.933259866177374
fullbackbone,0.3,4HHB,1,1.2778,0.4355,3.5887358156618374
fullbackbone,0.3,4HHB,2,1.3249,0.399,3.76180915527471
fullbackbone,0.3,4HHB,3,1.3309,0.4042,3.784447858399665
fullbackbone,0.3,4HHB,4,1.322,0.4146,3.750915711851864
fullbackbone,0.3,4HHB,5,1.2466,0.4199,3.478495942744113
fullbackbone,0.3,4HHB,6,1.2906,0.4181,3.6349668817186407
fullbackbone,0.3,4HHB,7,1.3178,0.4443,3.735194902670949
fullbackbone,0.3,4HHB,8,1.3566,0.4408,3.882968739065411
fullbackbone,0.5,1AKI,1,2.1857,0.2636,8.896874186075966
fullbackbone,0.5,1AKI,2,2.085,0.2248,8.04459148169769
fullbackbone,0.5,1AKI,3,2.0348,0.2713,7.650721828088386
fullbackbone,0.5,1AKI,4,2.2015,0.2713,9.038561177901931
fullbackbone,0.5,1AKI,5,2.1616,0.2326,8.685022583695064
fullbackbone,0.5,1AKI,6,2.0793,0.186,7.99886774669372
fullbackbone,0.5,1AKI,7,1.9441,0.2481,6.987340417934805
fullbackbone,0.5,1AKI,8,2.1976,0.1783,9.003379438293196
fullbackbone,0.5,1BPI,1,2.1982,0.2931,9.008783086888641
fullbackbone,0.5,1BPI,2,2.1598,0.3103,8.669403604342955
fullbackbone,0.5,1BPI,3,1.9726,0.2759,7.189344505121807
fullbackbone,0.5,1BPI,4,2.149,0.2414,8.576277829779462
fullbackbone,0.5,1BPI,5,2.0673,0.2586,7.903454955431714
fullbackbone,0.5,1BPI,6,2.1031,0.2241,8.191524318320877
fullbackbone,0.5,1BPI,7,2.0064,0.2241,7.436497709182695
fullbackbone,0.5,1BPI,8,2.0715,0.2931,7.936719272411653
fullbackbone,0.5,1CRN,1,1.7622,0.1957,5.825238833089584
fullbackbone,0.5,1CRN,2,1.8027,0.3261,6.06600358339114
fullbackbone,0.5,1CRN,3,1.8904,0.3043,6.622016958135603
fullbackbone,0.5,1CRN,4,2.0468,0.2174,7.7430835520310755
fullbackbone,0.5,1CRN,5,2.2583,0.2609,9.566811754901106
fullbackbone,0.5,1CRN,6,1.7669,0.3043,5.852681896285528
fullbackbone,0.5,1CRN,7,2.0676,0.2826,7.905826347609387
fullbackbone,0.5,1CRN,8,2.0541,0.2391,7.7998148793715485
fullbackbone,0.5,1CSP,1,2.0457,0.2388,7.734570842972188
fullbackbone,0.5,1CSP,2,2.022,0.2537,7.553416670235239
fullbackbone,0.5,1CSP,3,2.3315,0.194,10.29337001381075
fullbackbone,0.5,1CSP,4,2.0465,0.2537,7.740760975369383
fullbackbone,0.5,1CSP,5,2.158,0.1791,8.653812713866106
fullbackbone,0.5,1CSP,6,2.1678,0.3134,8.739036995364096
fullbackbone,0.5,1CSP,7,2.2689,0.1642,9.668759327068228
fullbackbone,0.5,1CSP,8,2.3616,0.194,10.607910538408518
fullbackbone,0.5,1ENH,1,1.5866,0.2222,4.887104493543578
fullbackbone,0.5,1ENH,2,1.8884,0.2037,6.6087861594283055
fullbackbone,0.5,1ENH,3,1.8697,0.1852,6.486350202311067
fullbackbone,0.5,1ENH,4,1.976,0.1667,7.213829877985519
fullbackbone,0.5,1ENH,5,1.9389,0.2593,6.95110055307065
fullbackbone,0.5,1ENH,6,1.8041,0.0926,6.074501935866557
fullbackbone,0.5,1ENH,7,1.9248,0.2222,6.853777773259832
fullbackbone,0.5,1ENH,8,1.5367,0.2407,4.649222493872361
fullbackbone,0.5,1FKB,1,1.9829,0.243,7.2637774250141325
fullbackbone,0.5,1FKB,2,2.3142,0.2243,10.116826219519826
fullbackbone,0.5,1FKB,3,2.0649,0.243,7.884509407290312
fullbackbone,0.5,1FKB,4,2.0364,0.215,7.662972781162249
fullbackbone,0.5,1FKB,5,1.972,0.2336,7.185032192241968
fullbackbone,0.5,1FKB,6,2.2871,0.215,9.84634184589984
fullbackbone,0.5,1FKB,7,2.0229,0.2617,7.56021780529015
fullbackbone,0.5,1FKB,8,2.0504,0.271,7.771008888264247
fullbackbone,0.5,1HEL,1,2.0594,0.2636,7.841263640424412
fullbackbone,0.5,1HEL,2,2.0346,0.2016,7.649191836727004
fullbackbone,0.5,1HEL,3,2.1604,0.2868,8.674606807310354
fullbackbone,0.5,1HEL,4,1.8118,0.2171,6.121456142475494
fullbackbone,0.5,1HEL,5,2.0936,0.2713,8.114073312071746
fullbackbone,0.5,1HEL,6,2.0587,0.1938,7.835776676537525
fullbackbone,0.5,1HEL,7,2.0307,0.3023,7.619418085117626
fullbackbone,0.5,1HEL,8,2.0628,0.2868,7.867969310714892
fullbackbone,0.5,1IGD,1,1.9673,0.4098,7.151341775436343
fullbackbone,0.5,1IGD,2,2.1172,0.2459,8.307842930321588
fullbackbone,0.5,1IGD,3,2.3962,0.1639,10.981367797013705
fullbackbone,0.5,1IGD,4,2.1321,0.2295,8.432556599520641
fullbackbone,0.5,1IGD,5,2.2247,0.2295,9.250707175430808
fullbackbone,0.5,1IGD,6,2.2275,0.2623,9.276645452163104
fullbackbone,0.5,1IGD,7,2.1608,0.2623,8.678077344094362
fullbackbone,0.5,1IGD,8,2.233,0.2295,9.327807569000198
fullbackbone,0.5,1LZ1,1,2.2274,0.2538,9.275717833999567
fullbackbone,0.5,1LZ1,2,2.3178,0.2385,10.153312429683293
fullbackbone,0.5,1LZ1,3,2.0774,0.2923,7.983684326791587
fullbackbone,0.5,1LZ1,4,2.2654,0.2154,9.63497782154344
fullbackbone,0.5,1LZ1,5,2.157,0.2923,8.645163226616656
fullbackbone,0.5,1LZ1,6,2.1451,0.2077,8.54289548412945
fullbackbone,0.5,1LZ1,7,2.0878,0.1923,8.067147902098146
fullbackbone,0.5,1LZ1,8,2.1463,0.2154,8.553153112056249
fullbackbone,0.5,1MBN,1,2.1132,0.2092,8.2746779328153
fullbackbone,0.5,1MBN,2,1.9256,0.2222,6.8592629892723
fullbackbone,0.5,1MBN,3,1.8928,0.2941,6.637928885510253
fullbackbone,0.5,1MBN,4,2.0116,0.2222,7.475268213218107
fullbackbone,0.5,1MBN,5,1.7905,0.3072,5.992447941422659
fullbackbone,0.5,1MBN,6,1.8115,0.2484,6.119619981070733
fullbackbone,0.5,1MBN,7,1.9298,0.2157,6.888132477313996
fullbackbone,0.5,1MBN,8,1.968,0.2418,7.156349467166773
fullbackbone,0.5,1PIN,1,1.959,0.268,7.092231286572083
fullbackbone,0.5,1PIN,2,2.2152,0.2549,9.163241576671524
fullbackbone,0.5,1PIN,3,2.0398,0.2092,7.689071230841153
fullbackbone,0.5,1PIN,4,2.0641,0.281,7.878204322134811
fullbackbone,0.5,1PIN,5,2.2584,0.2418,9.567768483912248
fullbackbone,0.5,1PIN,6,2.0723,0.2745,7.943071188257152
fullbackbone,0.5,1PIN,7,2.2389,0.1895,9.383004303908844
fullbackbone,0.5,1PIN,8,2.051,0.2418,7.775672892658607
fullbackbone,0.5,1R69,1,1.5677,0.3016,4.795605606772488
fullbackbone,0.5,1R69,2,1.6446,0.3016,5.178937917411261
fullbackbone,0.5,1R69,3,1.7974,0.381,6.033938811103981
fullbackbone,0.5,1R69,4,1.7711,0.2857,5.877314853249114
fullbackbone,0.5,1R69,5,2.1035,0.3016,8.194801583457535
fullbackbone,0.5,1R69,6,1.6968,0.3175,5.456458756813168
fullbackbone,0.5,1R69,7,1.5961,0.3492,4.933753216831113
fullbackbone,0.5,1R69,8,1.8491,0.3651,6.354098259985852
fullbackbone,0.5,1RIS,1,1.8584,0.1959,6.413467010594398
fullbackbone,0.5,1RIS,2,1.9948,0.2371,7.350732734319475
fullbackbone,0.5,1RIS,3,2.1143,0.1959,8.28378508655765
fullbackbone,0.5,1RIS,4,2.2085,0.2268,9.102053068506018
fullbackbone,0.5,1RIS,5,1.8891,0.1649,6.613413929270382
fullbackbone,0.5,1RIS,6,2.1865,0.1753,8.903994533183917
fullbackbone,0.5,1RIS,7,1.9403,0.2062,6.960838909103573
fullbackbone,0.5,1RIS,8,1.9679,0.2474,7.155633868000611
fullbackbone,0.5,1SHG,1,2.3678,0.2632,10.673883889801466
fullbackbone,0.5,1SHG,2,2.3395,0.2105,10.376047241888802
fullbackbone,0.5,1SHG,3,2.2354,0.1754,9.350221192755765
fullbackbone,0.5,1SHG,4,2.2098,0.193,9.113893432063872
fullbackbone,0.5,1SHG,5,2.1438,0.3333,8.531796935619662
fullbackbone,0.5,1SHG,6,2.078,0.2105,7.9884759747382965
fullbackbone,0.5,1SHG,7,2.1628,0.3158,8.695450866513795
fullbackbone,0.5,1SHG,8,2.2224,0.2105,9.229454998299687
fullbackbone,0.5,1STN,1,1.9845,0.2206,7.275408771489981
fullbackbone,0.5,1STN,2,2.0862,0.2574,8.05425078589913
fullbackbone,0.5,1STN,3,2.0656,0.1985,7.890030496031028
fullbackbone,0.5,1STN,4,2.1584,0.2721,8.657274931348985
fullbackbone,0.5,1STN,5,2.0988,0.2794,8.156376385963757
fullbackbone,0.5,1STN,6,2.0895,0.2941,8.08087371716889
fullbackbone,0.5,1STN,7,2.064,0.25,7.877416541092307
fullbackbone,0.5,1STN,8,2.1363,0.2647,8.468047816622468
fullbackbone,0.5,1TIM,1,2.0535,0.2146,7.795136394129853
fullbackbone,0.5,1TIM,2,2.051,0.2126,7.775672892658607
fullbackbone,0.5,1TIM,3,2.0091,0.2166,7.456603383443545
fullbackbone,0.5,1TIM,4,1.9867,0.2085,7.291432290195015
fullbackbone,0.5,1TIM,5,1.9624,0.2308,7.116385912541624
fullbackbone,0.5,1TIM,6,2.0207,0.2206,7.543603608436111
fullbackbone,0.5,1TIM,7,2.0358,0.1984,7.658376376552827
fullbackbone,0.5,1TIM,8,2.0217,0.2004,7.551150985103933
fullbackbone,0.5,1TUP,1,2.2579,0.2239,9.562985795442048
fullbackbone,0.5,1TUP,2,2.1555,0.2239,8.632205202724279
fullbackbone,0.5,1TUP,3,2.2579,0.1932,9.562985795442048
fullbackbone,0.5,1TUP,4,2.2524,0.2085,9.510533748917862
fullbackbone,0.5,1TUP,5,2.1971,0.2017,8.99887887380893
fullbackbone,0.5,1TUP,6,2.1994,0.2171,9.019600115512036
fullbackbone,0.5,1TUP,7,2.23,0.2308,9.299866079483586
fullbackbone,0.5,1TUP,8,2.2157,0.2137,9.167824343055983
fullbackbone,0.5,1UBI,1,2.1423,0.3026,8.519008833690448
fullbackbone,0.5,1UBI,2,2.056,0.3421,7.814648615228936
fullbackbone,0.5,1UBI,3,1.9852,0.2895,7.280503340521157
fullbackbone,0.5,1UBI,4,2.1854,0.3158,8.894205524139448
fullbackbone,0.5,1UBI,5,2.0366,0.2632,7.664505528988154
fullbackbone,0.5,1UBI,6,1.9045,0.3684,6.716048763607114
fullbackbone,0.5,1UBI,7,1.899,0.25,6.679211889670174
fullbackbone,0.5,1UBI,8,2.1074,0.25,8.226823712196024
fullbackbone,0.5,1UBQ,1,1.9857,0.2237,7.284144502406031
fullbackbone,0.5,1UBQ,2,2.1236,0.1974,8.36118363325556
fullbackbone,0.5,1UBQ,3,1.7648,0.2895,5.840404160438036
fullbackbone,0.5,1UBQ,4,1.8536,0.2632,6.382756134012202
fullbackbone,0.5,1UBQ,5,2.0476,0.2632,7.749280497320312
fullbackbone,0.5,1UBQ,6,1.9822,0.2632,7.2586945600269175
fullbackbone,0.5,1UBQ,7,2.0707,0.3289,7.930372436066761
fullbackbone,0.5,1UBQ,8,1.9622,0.2763,7.114962777677346
fullbackbone,0.5,1VII,1,1.8209,0.1667,6.17741562284117
fullbackbone,0.5,1VII,2,1.588,0.1389,4.893951231432762
fullbackbone,0.5,1VII,3,2.0976,0.2222,8.146594604543264
fullbackbone,0.5,1VII,4,2.1633,0.1111,8.69979967905959
fullbackbone,0.5,1VII,5,1.5912,0.2222,4.909636959152546
fullbackbone,0.5,1VII,6,1.6529,0.1111,5.222101985209703
fullbackbone,0.5,1VII,7,1.6987,0.25,5.466835883599775
fullbackbone,0.5,1VII,8,2.083,0.1389,8.028518377196498
fullbackbone,0.5,2ACY,1,2.2048,0.1939,9.068437698935778
fullbackbone,0.5,2ACY,2,2.1753,0.2653,8.804826173862207
fullbackbone,0.5,2ACY,3,2.1611,0.2449,8.680681157850122
fullbackbone,0.5,2ACY,4,2.2013,0.1735,9.036753646425524
fullbackbone,0.5,2ACY,5,2.177,0.1837,8.819807108544344
fullbackbone,0.5,2ACY,6,2.2189,0.2347,9.197208370323024
fullbackbone,0.5,2ACY,7,2.3395,0.2041,10.376047241888802
fullbackbone,0.5,2ACY,8,2.1673,0.1837,8.734668569063995
fullbackbone,0.5,2CI2,1,2.2882,0.2308,9.85717878115199
fullbackbone,0.5,2CI2,2,2.1471,0.2923,8.559998372284905
fullbackbone,0.5,2CI2,3,2.2564,0.2154,9.548652069730744
fullbackbone,0.5,2CI2,4,2.0246,0.4,7.573081106267062
fullbackbone,0.5,2CI2,5,2.1612,0.2308,8.681549269370763
fullbackbone,0.5,2CI2,6,2.0746,0.2615,7.96136127752993
fullbackbone,0.5,2CI2,7,2.0532,0.3077,7.792798203957674
fullbackbone,0.5,2CI2,8,2.2499,0.2615,9.486787110211985
fullbackbone,0.5,2CRO,1,1.7891,0.2308,5.984064384164062
fullbackbone,0.5,2CRO,2,1.7946,0.2462,6.0170674134123034
fullbackbone,0.5,2CRO,3,1.6972,0.2154,5.4586417768908015
fullbackbone,0.5,2CRO,4,2.0669,0.2462,7.900294205641643
fullbackbone,0.5,2CRO,5,1.9122,0.2769,6.767961948354023
fullbackbone,0.5,2CRO,6,2.1434,0.2615,8.528384899298173
fullbackbone,0.5,2CRO,7,1.7984,0.2615,6.0399757678903985
fullbackbone,0.5,2CRO,8,1.6077,0.2923,4.991317984306231
fullbackbone,0.5,2GB1,1,2.249,0.1786,9.478252842809193
fullbackbone,0.5,2GB1,2,2.102,0.1964,8.182518595626282
fullbackbone,0.5,2GB1,3,2.0473,0.1607,7.746956061853867
fullbackbone,0.5,2GB1,4,1.9318,0.2321,6.901922527722349
fullbackbone,0.5,2GB1,5,2.1278,0.1964,8.396374453507272
fullbackbone,0.5,2GB1,6,1.8147,0.2143,6.139234130912501
fullbackbone,0.5,2GB1,7,1.9289,0.2143,6.881935946941347
fullbackbone,0.5,2GB1,8,2.1403,0.1964,8.501987842687731
fullbackbone,0.5,2LZM,1,2.0807,0.2256,8.010074004088915
fullbackbone,0.5,2LZM,2,1.875,0.2317,6.5208191203301125
fullbackbone,0.5,2LZM,3,2.0176,0.2622,7.5202546468390565
fullbackbone,0.5,2LZM,4,1.9439,0.2317,6.9859430895887105
fullbackbone,0.5,2LZM,5,1.7989,0.2134,6.042996510897163
fullbackbone,0.5,2LZM,6,1.9228,0.2439,6.840083916135056
fullbackbone,0.5,2LZM,7,1.797,0.2073,6.031525718230289
fullbackbone,0.5,2LZM,8,1.9282,0.2378,6.877120277459446
fullbackbone,0.5,2PCY,1,2.1121,0.2323,8.265580791434255
fullbackbone,0.5,2PCY,2,2.1042,0.2222,8.200539952760897
fullbackbone,0.5,2PCY,3,2.1294,0.2323,8.4098194057264
fullbackbone,0.5,2PCY,4,1.9419,0.2222,6.971985165985777
fullbackbone,0.5,2PCY,5,2.3157,0.2727,10.132012845971452
fullbackbone,0.5,2PCY,6,2.0621,0.2828,7.862463659400165
fullbackbone,0.5,2PCY,7,2.2102,0.2727,9.117539718645396
fullbackbone,0.5,2PCY,8,2.0905,0.2828,8.088958632670066
fullbackbone,0.5,2PTL,1,2.2178,0.1538,9.187097003387045
fullbackbone,0.5,2PTL,2,1.9221,0.1795,6.835297532823364
fullbackbone,0.5,2PTL,3,1.9726,0.1026,7.189344505121807
fullbackbone,0.5,2PTL,4,2.0241,0.0897,7.569295512191313
fullbackbone,0.5,2PTL,5,2.1905,0.1795,8.939681838343912
fullbackbone,0.5,2PTL,6,2.1642,0.1538,8.707633023246878
fullbackbone,0.5,2PTL,7,2.2196,0.1282,9.203648670024164
fullbackbone,0.5,2PTL,8,1.8175,0.1795,6.156448074753992
fullbackbone,0.5,3CHY,1,1.814,0.3594,6.134938170782327
fullbackbone,0.5,3CHY,2,1.8085,0.2812,6.101288631899787
fullbackbone,0.5,3CHY,3,2.1033,0.3594,8.19316278702595
fullbackbone,0.5,3CHY,4,1.9736,0.2578,7.196537445497706
fullbackbone,0.5,3CHY,5,1.7662,0.3125,5.848586452530673
fullbackbone,0.5,3CHY,6,1.9397,0.2891,6.956663658458562
fullbackbone,0.5,3CHY,7,1.9817,0.2266,7.25506611993252
fullbackbone,0.5,3CHY,8,1.8662,0.3047,6.463687659188119
fullbackbone,0.5,3PGK,1,2.0069,0.1807,7.440216887754445
fullbackbone,0.5,3PGK,2,2.0306,0.1711,7.618656181404937
fullbackbone,0.5,3PGK,3,1.9196,0.1904,6.818230631506961
fullbackbone,0.5,3PGK,4,2.1125,0.1735,8.268887685085467
fullbackbone,0.5,3PGK,5,1.994,0.1542,7.344854499739358
fullbackbone,0.5,3PGK,6,2.0149,0.1759,7.499977345967228
fullbackbone,0.5,3PGK,7,2.0226,0.188,7.557950080124348
fullbackbone,0.5,3PGK,8,2.0391,0.1759,7.683690764362533
fullbackbone,0.5,4HHB,1,1.8524,0.2805,6.3751014203981216
fullbackbone,0.5,4HHB,2,1.8637,0.2387,6.447548622242079
fullbackbone,0.5,4HHB,3,1.7468,0.2822,5.736217379605535
fullbackbone,0.5,4HHB,4,1.9274,0.2735,6.871620781329238
fullbackbone,0.5,4HHB,5,1.7538,0.2666,5.776511767083667
fullbackbone,0.5,4HHB,6,1.9124,0.2875,6.769315676111959
fullbackbone,0.5,4HHB,7,1.8792,0.2787,6.548264154863831
fullbackbone,0.5,4HHB,8,1.8989,0.2561,6.678544001876154
ca_only,0.0,1AKI,1,0.8606,0.4186,2.36457901557603
ca_only,0.0,1AKI,2,0.8321,0.4031,2.2981397699281563
ca_only,0.0,1AKI,3,0.8731,0.4264,2.394321758137454
ca_only,0.0,1AKI,4,0.8454,0.4341,2.3289091919591223
ca_only,0.0,1AKI,5,0.8575,0.4961,2.3572601706984786
ca_only,0.0,1AKI,6,0.8388,0.4031,2.313589003526264
ca_only,0.0,1AKI,7,0.8789,0.4651,2.4082491747998023
ca_only,0.0,1AKI,8,0.8916,0.4186,2.439028977360939
ca_only,0.0,1BPI,1,1.0546,0.3448,2.8708265935671666
ca_only,0.0,1BPI,2,1.0361,0.3966,2.818204556247179
ca_only,0.0,1BPI,3,1.0392,0.3793,2.826954545848144
ca_only,0.0,1BPI,4,0.9949,0.3966,2.704453882368495
ca_only,0.0,1BPI,5,1.0278,0.3276,2.794910263473836
ca_only,0.0,1BPI,6,1.0182,0.3276,2.768207503270347
ca_only,0.0,1BPI,7,1.0519,0.3966,2.863085816516076
ca_only,0.0,1BPI,8,1.024,0.4138,2.7843097581886154
ca_only,0.0,1CRN,1,1.1012,0.3478,3.0077731870401654
ca_only,0.0,1CRN,2,0.9871,0.3478,2.6834411980889126
ca_only,0.0,1CRN,3,1.029,0.3696,2.7982661689305695
ca_only,0.0,1CRN,4,0.9624,0.3261,2.6179720726661375
ca_only,0.0,1CRN,5,0.938,0.3478,2.554866572043847
ca_only,0.0,1CRN,6,0.9039,0.3913,2.469214292912716
ca_only,0.0,1CRN,7,1.0131,0.2391,2.7541255844192842
ca_only,0.0,1CRN,8,1.023,0.3913,2.78152684012137
ca_only,0.0,1CSP,1,0.9867,0.5522,2.6823680362563525
ca_only,0.0,1CSP,2,1.0046,0.4627,2.730814728440241
ca_only,0.0,1CSP,3,0.9069,0.5224,2.476633058375575
ca_only,0.0,1CSP,4,1.0408,0.4478,2.83148129355396
ca_only,0.0,1CSP,5,0.9516,0.3582,2.5898501062449997
ca_only,0.0,1CSP,6,0.9406,0.4328,2.5615178680690973
ca_only,0.0,1CSP,7,1.0366,0.4328,2.819614010859592
ca_only,0.0,1CSP,8,0.896,0.3881,2.4497843493276594
ca_only,0.0,1ENH,1,1.0323,0.4259,2.807515700621382
ca_only,0.0,1ENH,2,1.1276,0.4259,3.088235832887017
ca_only,0.0,1ENH,3,1.0519,0.3148,2.863085816516076
ca_only,0.0,1ENH,4,1.1423,0.4074,3.1339682090726226
ca_only,0.0,1ENH,5,0.9836,0.3519,2.674065570814283
ca_only,0.0,1ENH,6,1.0809,0.4259,2.94733095561456
ca_only,0.0,1ENH,7,1.0537,0.3519,2.868244011969
ca_only,0.0,1ENH,8,1.0289,0.4074,2.797986356304541
ca_only,0.0,1FKB,1,0.8668,0.5327,2.3792849467512753
ca_only,0.0,1FKB,2,0.8373,0.514,2.310121221507698
ca_only,0.0,1FKB,3,0.7834,0.5234,2.188901894412842
ca_only,0.0,1FKB,4,0.8409,0.5234,2.3184526454703223
ca_only,0.0,1FKB,5,0.8535,0.486,2.347849962978066
ca_only,0.0,1FKB,6,0.9086,0.5514,2.4808469153383945
ca_only,0.0,1FKB,7,0.861,0.514,2.365525036373806
ca_only,0.0,1FKB,8,0.8493,0.5047,2.3380096722093953
ca_only,0.0,1HEL,1,0.8892,0.4729,2.4331823266025747
ca_only,0.0,1HEL,2,0.83,0.4186,2.2933187402641826
ca_only,0.0,1HEL,3,0.8793,0.4419,2.4092126671553467
ca_only,0.0,1HEL,4,0.9024,0.4186,2.4655132479510136
ca_only,0.0,1HEL,5,0.8784,0.4341,2.407045351193384
ca_only,0.0,1HEL,6,0.8966,0.3953,2.451254660986644
ca_only,0.0,1HEL,7,0.9042,0.4496,2.469955168326345
ca_only,0.0,1HEL,8,0.8736,0.4496,2.3955192183566303
ca_only,0.0,1IGD,1,1.0146,0.4754,2.7582598727369723
ca_only,0.0,1IGD,2,1.0046,0.4262,2.730814728440241
ca_only,0.0,1IGD,3,1.0203,0.377,2.774026847199732
ca_only,0.0,1IGD,4,1.0829,0.3934,2.9532315161194407
ca_only,0.0,1IGD,5,1.0853,0.3443,2.9603277838732236
ca_only,0.0,1IGD,6,1.1191,0.4262,3.0620970754036945
ca_only,0.0,1IGD,7,1.0903,0.3279,2.9751664886405527
ca_only,0.0,1IGD,8,1.0461,0.3607,2.846527982914827
ca_only,0.0,1LZ1,1,0.9172,0.3846,2.5022742040885704
ca_only,0.0,1LZ1,2,0.8723,0.4231,2.392407066709632
ca_only,0.0,1LZ1,3,0.9095,0.3846,2.4830806826066905
ca_only,0.0,1LZ1,4,0.8967,0.4385,2.451499798709425
ca_only,0.0,1LZ1,5,0.9109,0.4385,2.4865594301174023
ca_only,0.0,1LZ1,6,0.8528,0.4308,2.3462070430930266
ca_only,0.0,1LZ1,7,0.8849,0.3846,2.4227421051609195
ca_only,0.0,1LZ1,8,0.9008,0.4385,2.461571580928799
ca_only,0.0,1MBN,1,1.0029,0.3922,2.726176287194043
ca_only,0.0,1MBN,2,0.9785,0.3725,2.6604625535816004
ca_only,0.0,1MBN,3,1.0016,0.4183,2.722634560641743
ca_only,0.0,1MBN,4,0.9911,0.4248,2.694196459062872
ca_only,0.0,1MBN,5,0.9724,0.4248,2.644283129418118
ca_only,0.0,1MBN,6,1.0312,0.3791,2.8044291312750675
ca_only,0.0,1MBN,7,0.9751,0.4248,2.6514323409599827
ca_only,0.0,1MBN,8,1.023,0.4052,2.78152684012137
ca_only,0.0,1PIN,1,0.9657,0.4444,2.62662565105716
ca_only,0.0,1PIN,2,0.9324,0.4379,2.5405993048735835
ca_only,0.0,1PIN,3,0.9365,0.4379,2.551037144974101
ca_only,0.0,1PIN,4,0.9736,0.4248,2.647458173819055
ca_only,0.0,1PIN,5,0.9594,0.4641,2.6101299255504222
ca_only,0.0,1PIN,6,0.9698,0.4771,2.637416923217654
ca_only,0.0,1PIN,7,0.9556,0.4641,2.6002302531235446
ca_only,0.0,1PIN,8,0.9438,0.4575,2.569727854218905
ca_only,0.0,1R69,1,0.9076,0.4286,2.4783673084331426
ca_only,0.0,1R69,2,0.8732,0.4603,2.3945612022852756
ca_only,0.0,1R69,3,0.8841,0.4286,2.420804686547565
ca_only,0.0,1R69,4,0.8934,0.4762,2.4434231831189352
ca_only,0.0,1R69,5,0.8768,0.4444,2.4031971580069715
ca_only,0.0,1R69,6,0.9249,0.4444,2.5216160861410333
ca_only,0.0,1R69,7,0.8612,0.4444,2.3659981886947357
ca_only,0.0,1R69,8,0.8193,0.4444,2.2689110437888194
ca_only,0.0,1RIS,1,1.0658,0.3299,2.9031605837629444
ca_only,0.0,1RIS,2,0.9742,0.3711,2.6490471253611405
ca_only,0.0,1RIS,3,0.9802,0.2887,2.6649891864704807
ca_only,0.0,1RIS,4,1.018,0.3814,2.7676539171301524
ca_only,0.0,1RIS,5,1.0162,0.299,2.7626766209897142
ca_only,0.0,1RIS,6,1.0236,0.2887,2.7831962570004243
ca_only,0.0,1RIS,7,0.992,0.3093,2.696622327353013
ca_only,0.0,1RIS,8,1.0404,0.268,2.8303489275248426
ca_only,0.0,1SHG,1,0.8259,0.4912,2.2839353824571207
ca_only,0.0,1SHG,2,0.7483,0.4386,2.1134041739167233
ca_only,0.0,1SHG,3,0.8344,0.4211,2.3034315746416083
ca_only,0.0,1SHG,4,0.7771,0.4386,2.1751551601582366
ca_only,0.0,1SHG,5,0.823,0.386,2.2773215645191884
ca_only,0.0,1SHG,6,0.7322,0.4211,2.079650810390679
ca_only,0.0,1SHG,7,0.7979,0.4561,2.2208721964270612
ca_only,0.0,1SHG,8,0.7729,0.4386,2.166038666523447
ca_only,0.0,1STN,1,0.9534,0.4559,2.59451603451188
ca_only,0.0,1STN,2,0.9484,0.4632,2.581575831804833
ca_only,0.0,1STN,3,0.9273,0.4191,2.527675232815391
ca_only,0.0,1STN,4,0.9784,0.4485,2.6601965206281117
ca_only,0.0,1STN,5,0.9472,0.4779,2.578479798797995
ca_only,0.0,1STN,6,0.9169,0.5,2.5015236344184237
ca_only,0.0,1STN,7,0.9705,0.4779,2.639263761381851
ca_only,0.0,1STN,8,0.9719,0.3971,2.6429613183337177
ca_only,0.0,1TIM,1,0.9815,0.2834,2.6684559253049023
ca_only,0.0,1TIM,2,0.9759,0.2773,2.6535543355174007
ca_only,0.0,1TIM,3,1.0106,0.2692,2.7472488699329656
ca_only,0.0,1TIM,4,1.0016,0.2814,2.722634560641743
ca_only,0.0,1TIM,5,0.9903,0.2753,2.6920419638086295
ca_only,0.0,1TIM,6,0.9702,0.2935,2.6384721010084298
ca_only,0.0,1TIM,7,0.9879,0.2935,2.6855888099775997
ca_only,0.0,1TIM,8,0.9826,0.2652,2.671392841830688
ca_only,0.0,1TUP,1,1.0168,0.3521,2.764334724343571
ca_only,0.0,1TUP,2,1.0015,0.3385,2.722362310798398
ca_only,0.0,1TUP,3,1.0084,0.3607,2.741211565888608
ca_only,0.0,1TUP,4,0.9988,0.3504,2.7150218466451808
ca_only,0.0,1TUP,5,0.9951,0.3521,2.7049948272376527
ca_only,0.0,1TUP,6,0.9885,0.3436,2.687200646766268
ca_only,0.0,1TUP,7,0.9843,0.3436,2.6759380720128116
ca_only,0.0,1TUP,8,0.9844,0.3282,2.67620567920015
ca_only,0.0,1UBI,1,0.831,0.4605,2.2956132060461325
ca_only,0.0,1UBI,2,0.7953,0.4605,2.215105428762926
ca_only,0.0,1UBI,3,0.8488,0.4737,2.336840959575797
ca_only,0.0,1UBI,4,0.8232,0.4605,2.2777770743815604
ca_only,0.0,1UBI,5,0.8969,0.5,2.4519901477024315
ca_only,0.0,1UBI,6,0.8699,0.4868,2.3866721743730808
ca_only,0.0,1UBI,7,0.7936,0.5,2.2113429485483422
ca_only,0.0,1UBI,8,0.8685,0.5132,2.3833331711765666
ca_only,0.0,1UBQ,1,0.8324,0.4737,2.2988293152857673
ca_only,0.0,1UBQ,2,0.7742,0.4868,2.1688563478859897
ca_only,0.0,1UBQ,3,0.862,0.5,2.367891744567051
ca_only,0.0,1UBQ,4,0.8664,0.5,2.3783334230899937
ca_only,0.0,1UBQ,5,0.9111,0.5132,2.48705679173793
ca_only,0.0,1UBQ,6,0.8282,0.5132,2.2891944794799635
ca_only,0.0,1UBQ,7,0.8864,0.5,2.426378945266833
ca_only,0.0,1UBQ,8,0.8259,0.5132,2.2839353824571207
ca_only,0.0,1VII,1,1.0427,0.3056,2.8368662220738408
ca_only,0.0,1VII,2,1.077,0.1389,2.935858750229181
ca_only,0.0,1VII,3,1.1298,0.1667,3.0950374307336888
ca_only,0.0,1VII,4,1.0581,0.3056,2.8808920909899487
ca_only,0.0,1VII,5,1.0936,0.3333,2.9850007556690676
ca_only,0.0,1VII,6,1.1864,0.25,3.275268989785407
ca_only,0.0,1VII,7,1.1273,0.2222,3.0873095010938676
ca_only,0.0,1VII,8,1.1159,0.2778,3.0523140259896655
ca_only,0.0,2ACY,1,0.8567,0.3265,2.3553751166840615
ca_only,0.0,2ACY,2,0.919,0.3673,2.506782353773446
ca_only,0.0,2ACY,3,0.902,0.3673,2.464527239866597
ca_only,0.0,2ACY,4,0.9436,0.3469,2.5692139600391917
ca_only,0.0,2ACY,5,0.8667,0.3571,2.3790470301526283
ca_only,0.0,2ACY,6,0.889,0.3776,2.4326957387976567
ca_only,0.0,2ACY,7,0.9382,0.3571,2.5553775964589938
ca_only,0.0,2ACY,8,0.9191,0.398,2.507033044543153
ca_only,0.0,2CI2,1,0.9038,0.5846,2.4689673838290846
ca_only,0.0,2CI2,2,0.9798,0.4923,2.6639234039666038
ca_only,0.0,2CI2,3,0.9251,0.5385,2.5221204597939457
ca_only,0.0,2CI2,4,0.9591,0.4769,2.609347004016859
ca_only,0.0,2CI2,5,0.977,0.4923,2.6564748512756515
ca_only,0.0,2CI2,6,0.9982,0.5077,2.7133933221433995
ca_only,0.0,2CI2,7,0.9381,0.5231,2.55512207147581
ca_only,0.0,2CI2,8,0.9078,0.5385,2.4788630314654805
ca_only,0.0,2CRO,1,0.8943,0.5385,2.4456232538670744
ca_only,0.0,2CRO,2,0.8324,0.4615,2.2988293152857673
ca_only,0.0,2CRO,3,0.8462,0.4923,2.330773064762404
ca_only,0.0,2CRO,4,0.8428,0.5231,2.322861892955378
ca_only,0.0,2CRO,5,0.823,0.4923,2.2773215645191884
ca_only,0.0,2CRO,6,0.8371,0.4923,2.3096592434627405
ca_only,0.0,2CRO,7,0.8662,0.4923,2.3778578039688734
ca_only,0.0,2CRO,8,0.8484,0.5077,2.33590641011432
ca_only,0.0,2GB1,1,1.0071,0.3393,2.737650306173312
ca_only,0.0,2GB1,2,0.9764,0.3571,2.654881444434741
ca_only,0.0,2GB1,3,0.9532,0.3214,2.5939971831918394
ca_only,0.0,2GB1,4,0.9522,0.3036,2.5914044825750144
ca_only,0.0,2GB1,5,0.8651,0.2679,2.375243598461136
ca_only,0.0,2GB1,6,0.9455,0.25,2.5741001069328995
ca_only,0.0,2GB1,7,0.9533,0.3393,2.594256595880577
ca_only,0.0,2GB1,8,0.9695,0.2679,2.6366258168125825
ca_only,0.0,2LZM,1,0.7655,0.689,2.150069140511621
ca_only,0.0,2LZM,2,0.8065,0.6159,2.2400540611103916
ca_only,0.0,2LZM,3,0.7906,0.6402,2.204718860802381
ca_only,0.0,2LZM,4,0.7838,0.6341,2.1897776303061094
ca_only,0.0,2LZM,5,0.7576,0.622,2.1331505108795077
ca_only,0.0,2LZM,6,0.7396,0.5915,2.0950973079410535
ca_only,0.0,2LZM,7,0.7917,0.6463,2.207145385893389
ca_only,0.0,2LZM,8,0.7999,0.561,2.2253183855269523
ca_only,0.0,2PCY,1,0.9534,0.4444,2.59451603451188
ca_only,0.0,2PCY,2,0.8807,0.4545,2.4125879270199775
ca_only,0.0,2PCY,3,0.9374,0.4242,2.5533341118846424
ca_only,0.0,2PCY,4,0.8943,0.4949,2.4456232538670744
ca_only,0.0,2PCY,5,0.8928,0.4646,2.441957568937287
ca_only,0.0,2PCY,6,0.9898,0.3939,2.690696279275894
ca_only,0.0,2PCY,7,0.8954,0.4141,2.4483149195910667
ca_only,0.0,2PCY,8,0.9371,0.4444,2.552568226539623
ca_only,0.0,2PTL,1,1.4652,0.2051,4.328408835505469
ca_only,0.0,2PTL,2,1.3234,0.1795,3.7561706714618732
ca_only,0.0,2PTL,3,1.4671,0.1667,4.336640630021321
ca_only,0.0,2PTL,4,1.4655,0.1154,4.329707552953997
ca_only,0.0,2PTL,5,1.4554,0.2308,4.286197601792741
ca_only,0.0,2PTL,6,1.367,0.2179,3.9235623347663866
ca_only,0.0,2PTL,7,1.479,0.2308,4.388554930978704
ca_only,0.0,2PTL,8,1.4585,0.141,4.299505430835963
ca_only,0.0,3CHY,1,0.8015,0.4375,2.2288817448710874
ca_only,0.0,3CHY,2,0.8191,0.4375,2.2684573069552574
ca_only,0.0,3CHY,3,0.8553,0.4922,2.3520798987115032
ca_only,0.0,3CHY,4,0.831,0.4453,2.2956132060461325
ca_only,0.0,3CHY,5,0.8125,0.4609,2.2535347872132085
ca_only,0.0,3CHY,6,0.8123,0.4531,2.2530841253234573
ca_only,0.0,3CHY,7,0.8086,0.3984,2.2447631174172678
ca_only,0.0,3CHY,8,0.8337,0.4297,2.3018197367484383
ca_only,0.0,3PGK,1,1.2827,0.2024,3.606363774386863
ca_only,0.0,3PGK,2,1.2689,0.1928,3.556937778063031
ca_only,0.0,3PGK,3,1.2772,0.1807,3.5865832200157115
ca_only,0.0,3PGK,4,1.2749,0.2,3.5783435578534797
ca_only,0.0,3PGK,5,1.269,0.1831,3.557293489626119
ca_only,0.0,3PGK,6,1.2814,0.1855,3.601678547537449
ca_only,0.0,3PGK,7,1.2495,0.1904,3.488598222203274
ca_only,0.0,3PGK,8,1.276,0.1759,3.5822819014589853
ca_only,0.0,4HHB,1,0.8515,0.4652,2.3431589556231334
ca_only,0.0,4HHB,2,0.8367,0.4443,2.3087355645134613
ca_only,0.0,4HHB,3,0.8623,0.4721,2.3686022186562057
ca_only,0.0,4HHB,4,0.8462,0.453,2.330773064762404
ca_only,0.0,4HHB,5,0.8425,0.4791,2.3221651389058247
ca_only,0.0,4HHB,6,0.8451,0.4634,2.3282106239919687
ca_only,0.0,4HHB,7,0.8287,0.4564,2.290339362916711
ca_only,0.0,4HHB,8,0.8344,0.4547,2.3034315746416083
ca_only,0.1,1AKI,1,0.9744,0.4109,2.6495769877706876
ca_only,0.1,1AKI,2,0.8579,0.4031,2.358203263372718
ca_only,0.1,1AKI,3,0.8867,0.4109,2.4271069681483852
ca_only,0.1,1AKI,4,0.8944,0.3721,2.445867828420985
ca_only,0.1,1AKI,5,1.0326,0.4109,2.8083580816824094
ca_only,0.1,1AKI,6,0.93,0.4806,2.534509177617855
ca_only,0.1,1AKI,7,0.9243,0.4031,2.5201035702894794
ca_only,0.1,1AKI,8,0.9274,0.4109,2.52792801297747
ca_only,0.1,1BPI,1,1.1797,0.4138,3.2533980370609994
ca_only,0.1,1BPI,2,1.1253,0.3448,3.081141052596327
ca_only,0.1,1BPI,3,1.215,0.3276,3.370294064321607
ca_only,0.1,1BPI,4,1.0838,0.4655,2.9558906209016107
ca_only,0.1,1BPI,5,1.1397,0.4483,3.1258304753671067
ca_only,0.1,1BPI,6,1.1245,0.3621,3.0786771254565153
ca_only,0.1,1BPI,7,1.1197,0.3276,3.0639348849366623
ca_only,0.1,1BPI,8,1.1754,0.2931,3.239438460101475
ca_only,0.1,1CRN,1,1.1278,0.3261,3.088853541822429
ca_only,0.1,1CRN,2,1.0959,0.3043,2.991874158790672
ca_only,0.1,1CRN,3,1.0215,0.4348,2.7773576775148614
ca_only,0.1,1CRN,4,1.0306,0.3913,2.802746978492602
ca_only,0.1,1CRN,5,1.2044,0.2609,3.334757623117103
ca_only,0.1,1CRN,6,1.0189,0.3043,2.770145926891751
ca_only,0.1,1CRN,7,0.9593,0.3696,2.609868925608082
ca_only,0.1,1CRN,8,1.0781,0.3261,2.939089971700428
ca_only,0.1,1CSP,1,1.0437,0.3881,2.839704507201955
ca_only,0.1,1CSP,2,1.0682,0.5075,2.910136536959354
ca_only,0.1,1CSP,3,1.0025,0.4925,2.725086034744192
ca_only,0.1,1CSP,4,1.0591,0.4627,2.8837744240072523
ca_only,0.1,1CSP,5,1.0016,0.4776,2.722634560641743
ca_only,0.1,1CSP,6,1.1664,0.4328,3.2104143185104133
ca_only,0.1,1CSP,7,1.0558,0.5075,2.874273653301641
ca_only,0.1,1CSP,8,0.9966,0.4627,2.7090553641198203
ca_only,0.1,1ENH,1,1.0341,0.3704,2.812573779788069
ca_only,0.1,1ENH,2,1.0763,0.3519,2.933804368221611
ca_only,0.1,1ENH,3,1.1727,0.4259,3.23070377339258
ca_only,0.1,1ENH,4,1.0856,0.3889,2.961216015436458
ca_only,0.1,1ENH,5,0.9679,0.3148,2.6324105885875113
ca_only,0.1,1ENH,6,1.0346,0.4259,2.8139804183082884
ca_only,0.1,1ENH,7,1.0673,0.3704,2.9075185923278855
ca_only,0.1,1ENH,8,1.1031,0.3889,3.013493388566164
ca_only,0.1,1FKB,1,0.9303,0.5327,2.535269644435459
ca_only,0.1,1FKB,2,0.874,0.486,2.3964776177110654
ca_only,0.1,1FKB,3,0.8616,0.5234,2.3669447772753087
ca_only,0.1,1FKB,4,0.9306,0.5888,2.536030339427333
ca_only,0.1,1FKB,5,0.858,0.5327,2.3584390954904646
ca_only,0.1,1FKB,6,1.0211,0.5047,2.7762469566028467
ca_only,0.1,1FKB,7,0.8646,0.486,2.374056273517877
ca_only,0.1,1FKB,8,0.9212,0.5327,2.5123033458161945
ca_only,0.1,1HEL,1,0.9833,0.4884,2.6732634714639567
ca_only,0.1,1HEL,2,0.9813,0.4574,2.667922287485402
ca_only,0.1,1HEL,3,0.9708,0.4806,2.6400556592890125
ca_only,0.1,1HEL,4,0.9649,0.3643,2.6245251908324287
ca_only,0.1,1HEL,5,0.9945,0.4186,2.703372317143014
ca_only,0.1,1HEL,6,1.0142,0.4031,2.7571567894192492
ca_only,0.1,1HEL,7,0.8759,0.4264,2.4010352535676915
ca_only,0.1,1HEL,8,0.9398,0.4341,2.559469473241821
ca_only,0.1,1IGD,1,1.1448,0.459,3.1418129314124363
ca_only,0.1,1IGD,2,1.1663,0.4426,3.210093293130098
ca_only,0.1,1IGD,3,1.0823,0.459,2.9514601086851417
ca_only,0.1,1IGD,4,1.122,0.3934,3.070990045496511
ca_only,0.1,1IGD,5,1.0772,0.3115,2.936445980700317
ca_only,0.1,1IGD,6,1.2227,0.4098,3.3963454979205747
ca_only,0.1,1IGD,7,1.1561,0.4098,3.1775167642753455
ca_only,0.1,1IGD,8,1.1571,0.4098,3.180695870327722
ca_only,0.1,1LZ1,1,0.9612,0.4231,2.614832390365081
ca_only,0.1,1LZ1,2,0.9397,0.4385,2.5592135390914175
ca_only,0.1,1LZ1,3,1.0122,0.3846,2.7516479864796177
ca_only,0.1,1LZ1,4,0.9656,0.3615,2.626363001624745
ca_only,0.1,1LZ1,5,0.9942,0.3923,2.7025614270874607
ca_only,0.1,1LZ1,6,0.9798,0.3846,2.6639234039666038
ca_only,0.1,1LZ1,7,1.0072,0.3846,2.737924084892637
ca_only,0.1,1LZ1,8,0.9658,0.4077,2.626888326755832
ca_only,0.1,1MBN,1,1.0679,0.3333,2.909263626941316
ca_only,0.1,1MBN,2,1.1158,0.3725,3.0520088098481284
ca_only,0.1,1MBN,3,1.0731,0.3595,2.924431199311993
ca_only,0.1,1MBN,4,1.023,0.3791,2.78152684012137
ca_only,0.1,1MBN,5,1.0598,0.3987,2.885793772793676
ca_only,0.1,1MBN,6,1.0691,0.3791,2.9127568388015757
ca_only,0.1,1MBN,7,1.0204,0.3922,2.7743042637550483
ca_only,0.1,1MBN,8,1.0218,0.4183,2.77819100981171
ca_only,0.1,1PIN,1,1.0533,0.4118,2.867096943793141
ca_only,0.1,1PIN,2,1.0327,0.4052,2.8086389315328364
ca_only,0.1,1PIN,3,1.0253,0.4771,2.7879317146358593
ca_only,0.1,1PIN,4,0.9824,0.4771,2.670858616686617
ca_only,0.1,1PIN,5,1.0382,0.4379,2.8241290043085283
ca_only,0.1,1PIN,6,1.0506,0.4641,2.859366223214094
ca_only,0.1,1PIN,7,0.9853,0.4314,2.678615348499962
ca_only,0.1,1PIN,8,1.0028,0.451,2.7259036831957504
ca_only,0.1,1R69,1,1.0494,0.3651,2.8559370416666674
ca_only,0.1,1R69,2,0.9183,0.4444,2.505028220144202
ca_only,0.1,1R69,3,0.9656,0.4762,2.626363001624745
ca_only,0.1,1R69,4,0.8437,0.4762,2.3249534097003957
ca_only,0.1,1R69,5,0.918,0.4603,2.504276824393157
ca_only,0.1,1R69,6,0.8411,0.4603,2.3189163823715604
ca_only,0.1,1R69,7,0.8937,0.4127,2.4441563200389105
ca_only,0.1,1R69,8,0.8836,0.4444,2.4195945867544504
ca_only,0.1,1RIS,1,1.0003,0.3196,2.719097435342498
ca_only,0.1,1RIS,2,1.0132,0.3196,2.7544010107488135
ca_only,0.1,1RIS,3,1.0413,0.3711,2.832897388194895
ca_only,0.1,1RIS,4,1.0633,0.3505,2.89591174712477
ca_only,0.1,1RIS,5,1.0706,0.299,2.917129252550262
ca_only,0.1,1RIS,6,1.0092,0.3608,2.7434054125629834
ca_only,0.1,1RIS,7,1.0403,0.3402,2.830065906783363
ca_only,0.1,1RIS,8,1.0662,0.3299,2.9043220802802665
ca_only,0.1,1SHG,1,0.8258,0.3509,2.2837070003381714
ca_only,0.1,1SHG,2,0.8401,0.4386,2.316598625060991
ca_only,0.1,1SHG,3,0.8391,0.3509,2.314283184349239
ca_only,0.1,1SHG,4,0.8266,0.4386,2.2855346969195973
ca_only,0.1,1SHG,5,0.8725,0.3684,2.392885595974305
ca_only,0.1,1SHG,6,0.8305,0.3509,2.294465686346941
ca_only,0.1,1SHG,7,0.8142,0.4561,2.2573690545552925
ca_only,0.1,1SHG,8,0.7656,0.4035,2.150284158176376
ca_only,0.1,1STN,1,1.0403,0.4706,2.830065906783363
ca_only,0.1,1STN,2,1.0303,0.4191,2.801906280510057
ca_only,0.1,1STN,3,1.0318,0.4044,2.8061122936520513
ca_only,0.1,1STN,4,0.9962,0.3529,2.7079719586697077
ca_only,0.1,1STN,5,1.0128,0.4338,2.753299470667217
ca_only,0.1,1STN,6,1.0154,0.4412,2.7604673635137402
ca_only,0.1,1STN,7,1.0789,0.4191,2.9414421844374314
ca_only,0.1,1STN,8,1.0693,0.4118,2.913339448428357
ca_only,0.1,1TIM,1,1.0994,0.2773,3.0023640649738157
ca_only,0.1,1TIM,2,1.1187,0.2773,3.0608724815086403
ca_only,0.1,1TIM,3,1.1132,0.2672,3.0440838937977577
ca_only,0.1,1TIM,4,1.0695,0.2794,2.913922174588716
ca_only,0.1,1TIM,5,1.0923,0.2713,2.981122775919684
ca_only,0.1,1TIM,6,1.0589,0.2834,2.8831977267940947
ca_only,0.1,1TIM,7,1.0642,0.2773,2.8985192408933727
ca_only,0.1,1TIM,8,1.1021,0.2733,3.0104814014221692
ca_only,0.1,1TUP,1,1.0885,0.3179,2.9698160058401504
ca_only,0.1,1TUP,2,1.1015,0.3299,3.0086756543596067
ca_only,0.1,1TUP,3,1.0863,0.3179,2.9632895923145
ca_only,0.1,1TUP,4,1.0965,0.3402,2.9936698219310185
ca_only,0.1,1TUP,5,1.1124,0.3333,3.0416496005298557
ca_only,0.1,1TUP,6,1.0899,0.3282,2.973976660026684
ca_only,0.1,1TUP,7,1.0547,0.3504,2.8711136905811347
ca_only,0.1,1TUP,8,1.1104,0.3197,3.035572380574491
ca_only,0.1,1UBI,1,0.9251,0.5132,2.5221204597939457
ca_only,0.1,1UBI,2,0.8577,0.5526,2.3577316698809647
ca_only,0.1,1UBI,3,0.8548,0.4605,2.35090415272314
ca_only,0.1,1UBI,4,0.9043,0.4737,2.4702021761933652
ca_only,0.1,1UBI,5,0.8698,0.4868,2.3864335190886066
ca_only,0.1,1UBI,6,0.8768,0.5132,2.4031971580069715
ca_only,0.1,1UBI,7,0.8606,0.5,2.36457901557603
ca_only,0.1,1UBI,8,0.8745,0.5,2.397676156129556
ca_only,0.1,1UBQ,1,0.8475,0.5,2.333805040103564
ca_only,0.1,1UBQ,2,0.8325,0.5132,2.2990592097118254
ca_only,0.1,1UBQ,3,0.9521,0.5263,2.591145355083347
ca_only,0.1,1UBQ,4,0.8496,0.5132,2.338711180332015
ca_only,0.1,1UBQ,5,0.9434,0.5263,2.568700168628038
ca_only,0.1,1UBQ,6,0.8973,0.4605,2.4529711399468814
ca_only,0.1,1UBQ,7,0.8468,0.5395,2.332171948224334
ca_only,0.1,1UBQ,8,0.9399,0.4605,2.559725432986919
ca_only,0.1,1VII,1,1.2892,0.3056,3.6298814886899686
ca_only,0.1,1VII,2,1.2251,0.2778,3.404506516420496
ca_only,0.1,1VII,3,1.0852,0.25,2.9600317658959816
ca_only,0.1,1VII,4,1.0909,0.3333,2.976952124170827
ca_only,0.1,1VII,5,1.1157,0.1944,3.0517036242266786
ca_only,0.1,1VII,6,1.0992,0.1944,3.001763652204099
ca_only,0.1,1VII,7,1.1494,0.1389,3.1562985623049995
ca_only,0.1,1VII,8,1.2415,0.25,3.4608007744694795
ca_only,0.1,2ACY,1,0.9491,0.3776,2.583383567520781
ca_only,0.1,2ACY,2,0.9264,0.3571,2.5254013485072826
ca_only,0.1,2ACY,3,0.9696,0.3469,2.6368894925778323
ca_only,0.1,2ACY,4,1.013,0.3571,2.753850185631011
ca_only,0.1,2ACY,5,1.0359,0.3367,2.8176409716962634
ca_only,0.1,2ACY,6,1.0249,0.3571,2.7868167649548066
ca_only,0.1,2ACY,7,1.0173,0.3367,2.7657172373051813
ca_only,0.1,2ACY,8,0.9733,0.3776,2.6466640554906147
ca_only,0.1,2CI2,1,0.9859,0.5692,2.680222999956269
ca_only,0.1,2CI2,2,0.9338,0.6154,2.544158634850033
ca_only,0.1,2CI2,3,0.9678,0.4769,2.632147360690267
ca_only,0.1,2CI2,4,0.9656,0.6462,2.626363001624745
ca_only,0.1,2CI2,5,1.0103,0.4462,2.7464248188858233
ca_only,0.1,2CI2,6,0.915,0.5077,2.496775251904888
ca_only,0.1,2CI2,7,1.0122,0.5538,2.7516479864796177
ca_only,0.1,2CI2,8,0.9426,0.6462,2.5666460302580374
ca_only,0.1,2CRO,1,0.8667,0.4769,2.3790470301526283
ca_only,0.1,2CRO,2,0.8529,0.4462,2.3464416755287623
ca_only,0.1,2CRO,3,0.8758,0.5077,2.400795162047111
ca_only,0.1,2CRO,4,0.9326,0.4462,2.541107475549932
ca_only,0.1,2CRO,5,0.857,0.4923,2.356081835221547
ca_only,0.1,2CRO,6,0.9503,0.4769,2.586485488582212
ca_only,0.1,2CRO,7,0.9316,0.4769,2.5385676382047078
ca_only,0.1,2CRO,8,0.9246,0.4615,2.5208597147765683
ca_only,0.1,2GB1,1,0.9826,0.2857,2.671392841830688
ca_only,0.1,2GB1,2,1.0213,0.2679,2.7768022615228087
ca_only,0.1,2GB1,3,1.0305,0.25,2.802466717808021
ca_only,0.1,2GB1,4,1.0101,0.25,2.745875588846881
ca_only,0.1,2GB1,5,1.0248,0.2679,2.7865380972119307
ca_only,0.1,2GB1,6,1.1272,0.3929,3.087000785579791
ca_only,0.1,2GB1,7,1.0927,0.375,2.982315463551676
ca_only,0.1,2GB1,8,1.0522,0.2321,2.863944871112777
ca_only,0.1,2LZM,1,0.7951,0.628,2.214662451976329
ca_only,0.1,2LZM,2,0.8146,0.6037,2.2582721827907197
ca_only,0.1,2LZM,3,0.8317,0.6341,2.2972206978468557
ca_only,0.1,2LZM,4,0.8552,0.5915,2.35184470248164
ca_only,0.1,2LZM,5,0.7981,0.5915,2.221316415286752
ca_only,0.1,2LZM,6,0.8227,0.5793,2.2766384705190563
ca_only,0.1,2LZM,7,0.8273,0.5915,2.287135131294121
ca_only,0.1,2LZM,8,0.7946,0.6707,2.213555397537014
ca_only,0.1,2PCY,1,1.0334,0.3939,2.8106056670620365
ca_only,0.1,2PCY,2,0.9645,0.4242,2.623475590690119
ca_only,0.1,2PCY,3,1.0004,0.4646,2.719369358681973
ca_only,0.1,2PCY,4,1.0222,0.4343,2.7793025085005523
ca_only,0.1,2PCY,5,0.9365,0.4242,2.551037144974101
ca_only,0.1,2PCY,6,0.9607,0.4242,2.613525300969478
ca_only,0.1,2PCY,7,0.9832,0.4343,2.672996158482682
ca_only,0.1,2PCY,8,0.9822,0.4545,2.670324498376891
ca_only,0.1,2PTL,1,1.4774,0.2051,4.381538857444728
ca_only,0.1,2PTL,2,1.5549,0.2436,4.734613040181551
ca_only,0.1,2PTL,3,1.501,0.2308,4.486173001000073
ca_only,0.1,2PTL,4,1.4063,0.1795,4.080828371344078
ca_only,0.1,2PTL,5,1.5873,0.1667,4.890526664309088
ca_only,0.1,2PTL,6,1.5683,0.2308,4.798483833518229
ca_only,0.1,2PTL,7,1.6009,0.2564,4.957492160157131
ca_only,0.1,2PTL,8,1.5181,0.1923,4.563546214913533
ca_only,0.1,3CHY,1,0.8532,0.4219,2.3471457136318556
ca_only,0.1,3CHY,2,0.908,0.4141,2.4793588536523394
ca_only,0.1,3CHY,3,0.8739,0.4609,2.3962379819312827
ca_only,0.1,3CHY,4,0.8625,0.4375,2.36907598647514
ca_only,0.1,3CHY,5,0.8403,0.4141,2.3170619911210646
ca_only,0.1,3CHY,6,0.8454,0.4141,2.3289091919591223
ca_only,0.1,3CHY,7,0.9289,0.4375,2.531722750338443
ca_only,0.1,3CHY,8,0.8733,0.4531,2.394800670378709
ca_only,0.1,3PGK,1,1.4213,0.1783,4.14250219420586
ca_only,0.1,3PGK,2,1.4018,0.2,4.062505900152369
ca_only,0.1,3PGK,3,1.3839,0.2072,3.9904340123050646
ca_only,0.1,3PGK,4,1.4291,0.2024,4.174940054516091
ca_only,0.1,3PGK,5,1.4077,0.2024,4.086545532142715
ca_only,0.1,3PGK,6,1.3939,0.2,4.030538540867077
ca_only,0.1,3PGK,7,1.4089,0.2217,4.091452330271348
ca_only,0.1,3PGK,8,1.4146,0.1976,4.114840200661883
ca_only,0.1,4HHB,1,0.9053,0.4373,2.47267361388245
ca_only,0.1,4HHB,2,0.9238,0.4739,2.518843833464785
ca_only,0.1,4HHB,3,0.9266,0.4495,2.5259064792883783
ca_only,0.1,4HHB,4,0.9128,0.4512,2.491288384118299
ca_only,0.1,4HHB,5,0.9098,0.4495,2.483825718561278
ca_only,0.1,4HHB,6,0.9064,0.4338,2.4753950513739293
ca_only,0.1,4HHB,7,0.9107,0.4582,2.486062167959252
ca_only,0.1,4HHB,8,0.9089,0.4617,2.481591281062272
ca_only,0.2,1AKI,1,1.079,0.4341,2.9417363433635764
ca_only,0.2,1AKI,2,1.0523,0.4496,2.86423127992009
ca_only,0.2,1AKI,3,1.1092,0.3411,3.031931878455933
ca_only,0.2,1AKI,4,1.1181,0.3643,3.059036508866607
ca_only,0.2,1AKI,5,1.2968,0.4031,3.6575736850585696
ca_only,0.2,1AKI,6,1.0154,0.4961,2.7604673635137402
ca_only,0.2,1AKI,7,1.0731,0.3876,2.924431199311993
ca_only,0.2,1AKI,8,1.2261,0.4186,3.407912725757734
ca_only,0.2,1BPI,1,1.3795,0.3448,3.9729146734609038
ca_only,0.2,1BPI,2,1.2724,0.3966,3.5694088719696824
ca_only,0.2,1BPI,3,1.4032,0.3276,4.068197391526935
ca_only,0.2,1BPI,4,1.2346,0.3621,3.4370034443304514
ca_only,0.2,1BPI,5,1.4851,0.3276,4.4154069313954185
ca_only,0.2,1BPI,6,1.4483,0.3276,4.255873377204208
ca_only,0.2,1BPI,7,1.5338,0.3966,4.635759279736098
ca_only,0.2,1BPI,8,1.3099,0.3103,3.7058031133692286
ca_only,0.2,1CRN,1,1.2541,0.3043,3.5046827400541094
ca_only,0.2,1CRN,2,1.3118,0.3261,3.7128508324976135
ca_only,0.2,1CRN,3,1.1541,0.413,3.171168081545752
ca_only,0.2,1CRN,4,1.1022,0.2826,3.0107824646152204
ca_only,0.2,1CRN,5,1.4328,0.2391,4.190415945460639
ca_only,0.2,1CRN,6,1.1789,0.2609,3.250796359441155
ca_only,0.2,1CRN,7,1.1282,0.3043,3.090089330380393
ca_only,0.2,1CRN,8,1.1599,0.2391,3.1896142987377076
ca_only,0.2,1CSP,1,1.2567,0.403,3.5138067712789716
ca_only,0.2,1CSP,2,1.268,0.5075,3.5537379741905037
ca_only,0.2,1CSP,3,1.2048,0.4627,3.3360917929825344
ca_only,0.2,1CSP,4,1.3992,0.4478,4.0519571041892135
ca_only,0.2,1CSP,5,1.2767,0.3881,3.584790376653895
ca_only,0.2,1CSP,6,1.3246,0.403,3.760680781792613
ca_only,0.2,1CSP,7,1.2151,0.4328,3.3706311105800713
ca_only,0.2,1CSP,8,1.2057,0.403,3.339095627118821
ca_only,0.2,1ENH,1,1.2003,0.3148,3.3211131072335713
ca_only,0.2,1ENH,2,1.1844,0.3704,3.268724997978973
ca_only,0.2,1ENH,3,1.2173,0.4074,3.378054661935673
ca_only,0.2,1ENH,4,1.1863,0.3333,3.2749414792622273
ca_only,0.2,1ENH,5,1.1572,0.3333,3.1810139558187642
ca_only,0.2,1ENH,6,1.0997,0.4074,3.0032649093132022
ca_only,0.2,1ENH,7,1.2131,0.3148,3.3638965851292038
ca_only,0.2,1ENH,8,1.262,0.3704,3.532479385886001
ca_only,0.2,1FKB,1,1.1782,0.4766,3.248521598248849
ca_only,0.2,1FKB,2,1.2044,0.4673,3.334757623117103
ca_only,0.2,1FKB,3,1.0833,0.486,2.954413045015914
ca_only,0.2,1FKB,4,1.1503,0.4673,3.1591405096955687
ca_only,0.2,1FKB,5,1.1184,0.4673,3.0599543574896764
ca_only,0.2,1FKB,6,1.3563,0.3925,3.881804023159813
ca_only,0.2,1FKB,7,1.078,0.4393,2.938796077398218
ca_only,0.2,1FKB,8,1.0501,0.4766,2.857936897463702
ca_only,0.2,1HEL,1,1.1492,0.4341,3.1556673657143017
ca_only,0.2,1HEL,2,1.1681,0.4496,3.2158766645304824
ca_only,0.2,1HEL,3,1.1896,0.4186,3.285766637831603
ca_only,0.2,1HEL,4,1.2682,0.3101,3.55444879286484
ca_only,0.2,1HEL,5,1.1826,0.4109,3.262846585141337
ca_only,0.2,1HEL,6,1.2554,0.3643,3.5092417903568105
ca_only,0.2,1HEL,7,1.0594,0.4031,2.8846396861172816
ca_only,0.2,1HEL,8,1.1749,0.4031,3.237819145733752
ca_only,0.2,1IGD,1,1.3668,0.4754,3.922777700765449
ca_only,0.2,1IGD,2,1.3427,0.3934,3.8293688557812353
ca_only,0.2,1IGD,3,1.1735,0.4262,3.233289370512243
ca_only,0.2,1IGD,4,1.2969,0.377,3.6579394607155535
ca_only,0.2,1IGD,5,1.1779,0.3607,3.2475471879382294
ca_only,0.2,1IGD,6,1.2776,0.3934,3.5880181402686366
ca_only,0.2,1IGD,7,1.3015,0.2951,3.674804742644178
ca_only,0.2,1IGD,8,1.3012,0.3607,3.6737024665710623
ca_only,0.2,1LZ1,1,1.2537,0.3923,3.5032811472953274
ca_only,0.2,1LZ1,2,1.1577,0.3769,3.1826048604896973
ca_only,0.2,1LZ1,3,1.2342,0.3769,3.4356289178763375
ca_only,0.2,1LZ1,4,1.1266,0.3615,3.0851491406574696
ca_only,0.2,1LZ1,5,1.2458,0.3154,3.4757142588118475
ca_only,0.2,1LZ1,6,1.1736,0.4,3.23361271561628
ca_only,0.2,1LZ1,7,1.1911,0.3462,3.290698986124755
ca_only,0.2,1LZ1,8,1.1238,0.3769,3.076522805568624
ca_only,0.2,1MBN,1,1.3279,0.3725,3.773111527822578
ca_only,0.2,1MBN,2,1.2198,0.3725,3.386510363813849
ca_only,0.2,1MBN,3,1.2323,0.3268,3.4291074203169374
ca_only,0.2,1MBN,4,1.1147,0.3333,3.0486534459457744
ca_only,0.2,1MBN,5,1.2297,0.3399,3.4202033213687213
ca_only,0.2,1MBN,6,1.2293,0.3595,3.4188355136199613
ca_only,0.2,1MBN,7,1.1958,0.3464,3.3062016741385194
ca_only,0.2,1MBN,8,1.1914,0.3856,3.291686343916856
ca_only,0.2,1PIN,1,1.1637,0.3791,3.2017578912859666
ca_only,0.2,1PIN,2,1.2779,0.3791,3.5890947071876806
ca_only,0.2,1PIN,3,1.2025,0.4118,3.3284275990603165
ca_only,0.2,1PIN,4,1.1873,0.3791,3.2782180587581897
ca_only,0.2,1PIN,5,1.2239,0.4118,3.4004235588652794
ca_only,0.2,1PIN,6,1.3281,0.4183,3.7738662255954045
ca_only,0.2,1PIN,7,1.1909,0.451,3.2900409121371226
ca_only,0.2,1PIN,8,1.1604,0.4314,3.191209504655323
ca_only,0.2,1R69,1,1.3163,0.3492,3.7295963103109484
ca_only,0.2,1R69,2,1.0718,0.4286,2.92063190882677
ca_only,0.2,1R69,3,1.1616,0.4603,3.1950412546510965
ca_only,0.2,1R69,4,0.9667,0.5397,2.629253590458923
ca_only,0.2,1R69,5,1.0128,0.4762,2.753299470667217
ca_only,0.2,1R69,6,0.9069,0.4603,2.476633058375575
ca_only,0.2,1R69,7,0.9974,0.381,2.7112234755400513
ca_only,0.2,1R69,8,1.0721,0.5238,2.9215082298409976
ca_only,0.2,1RIS,1,1.121,0.2887,3.0679205904343334
ca_only,0.2,1RIS,2,1.1675,0.299,3.21394771727381
ca_only,0.2,1RIS,3,1.1529,0.3711,3.1673649621758937
ca_only,0.2,1RIS,4,1.199,0.3299,3.316798465319058
ca_only,0.2,1RIS,5,1.2456,0.2577,3.475019185469736
ca_only,0.2,1RIS,6,1.189,0.299,3.2837957691686293
ca_only,0.2,1RIS,7,1.1796,0.3505,3.2530727135237414
ca_only,0.2,1RIS,8,1.2223,0.2887,3.394987231392822
ca_only,0.2,1SHG,1,1.1393,0.3509,3.124580393210059
ca_only,0.2,1SHG,2,0.9922,0.4211,2.697161705754526
ca_only,0.2,1SHG,3,0.964,0.3509,2.6221641807745737
ca_only,0.2,1SHG,4,1.0132,0.5088,2.7544010107488135
ca_only,0.2,1SHG,5,1.0481,0.3684,2.8522267357338915
ca_only,0.2,1SHG,6,0.9526,0.4035,2.5924412517080473
ca_only,0.2,1SHG,7,0.9764,0.4561,2.654881444434741
ca_only,0.2,1SHG,8,0.9575,0.3509,2.605175386993995
ca_only,0.2,1STN,1,1.2397,0.4338,3.454576936210304
ca_only,0.2,1STN,2,1.2189,0.4044,3.3834638756117457
ca_only,0.2,1STN,3,1.1601,0.3456,3.190252285393994
ca_only,0.2,1STN,4,1.2016,0.375,3.325433361830027
ca_only,0.2,1STN,5,1.2113,0.3676,3.3578470175202026
ca_only,0.2,1STN,6,1.1365,0.4191,3.1158438050404125
ca_only,0.2,1STN,7,1.2772,0.4412,3.5865832200157115
ca_only,0.2,1STN,8,1.2426,0.3897,3.464609749873796
ca_only,0.2,1TIM,1,1.3048,0.2955,3.6869516296351406
ca_only,0.2,1TIM,2,1.3842,0.2429,3.9916313220962456
ca_only,0.2,1TIM,3,1.3048,0.2692,3.6869516296351406
ca_only,0.2,1TIM,4,1.2936,0.2611,3.645888156084391
ca_only,0.2,1TIM,5,1.3851,0.2551,3.9952254073819096
ca_only,0.2,1TIM,6,1.3076,0.2713,3.6972895605472824
ca_only,0.2,1TIM,7,1.2424,0.2733,3.463916897211397
ca_only,0.2,1TIM,8,1.3334,0.251,3.7939208143067167
ca_only,0.2,1TUP,1,1.3415,0.3162,3.8247763691973464
ca_only,0.2,1TUP,2,1.3653,0.3299,3.9168979451334787
ca_only,0.2,1TUP,3,1.3356,0.2991,3.8022766281232117
ca_only,0.2,1TUP,4,1.3449,0.3402,3.8378027411361777
ca_only,0.2,1TUP,5,1.3232,0.3316,3.7554195124459864
ca_only,0.2,1TUP,6,1.2927,0.3162,3.642608332885742
ca_only,0.2,1TUP,7,1.2703,0.3282,3.5619209783786174
ca_only,0.2,1TUP,8,1.3809,0.3197,3.978480649277712
ca_only,0.2,1UBI,1,0.9725,0.5395,2.6445475709529163
ca_only,0.2,1UBI,2,0.944,0.5395,2.570241851187732
ca_only,0.2,1UBI,3,1.0156,0.4737,2.761019512199471
ca_only,0.2,1UBI,4,1.0704,0.4868,2.916545885038448
ca_only,0.2,1UBI,5,0.9842,0.5,2.675670491584855
ca_only,0.2,1UBI,6,0.943,0.5132,2.567672894029203
ca_only,0.2,1UBI,7,1.0322,0.4605,2.8072349630884306
ca_only,0.2,1UBI,8,1.0923,0.4868,2.981122775919684
ca_only,0.2,1UBQ,1,1.038,0.4342,2.823564234986481
ca_only,0.2,1UBQ,2,0.8586,0.5263,2.3598545835517126
ca_only,0.2,1UBQ,3,1.0031,0.4737,2.726721576978643
ca_only,0.2,1UBQ,4,1.0495,0.4868,2.8562226496509955
ca_only,0.2,1UBQ,5,0.9782,0.4737,2.6596645345243695
ca_only,0.2,1UBQ,6,1.2138,0.5,3.3662521370857936
ca_only,0.2,1UBQ,7,1.0162,0.5,2.7626766209897142
ca_only,0.2,1UBQ,8,1.0226,0.4474,2.7804144518778022
ca_only,0.2,1VII,1,1.3615,0.3056,3.9020419771578023
ca_only,0.2,1VII,2,1.2878,0.25,3.6248032102301773
ca_only,0.2,1VII,3,1.3072,0.25,3.695810940466794
ca_only,0.2,1VII,4,1.2558,0.2222,3.510645767849732
ca_only,0.2,1VII,5,1.2454,0.1944,3.474324251128393
ca_only,0.2,1VII,6,1.3498,0.1667,3.856654122734203
ca_only,0.2,1VII,7,1.3226,0.1667,3.7531669365788565
ca_only,0.2,1VII,8,1.3123,0.3056,3.714707722097577
ca_only,0.2,2ACY,1,1.0976,0.3673,2.9969646705696626
ca_only,0.2,2ACY,2,1.0962,0.3061,2.9927718556861107
ca_only,0.2,2ACY,3,1.283,0.2857,3.6074458458217786
ca_only,0.2,2ACY,4,1.2693,0.3163,3.558360837767223
ca_only,0.2,2ACY,5,1.1875,0.3163,3.2788737679386735
ca_only,0.2,2ACY,6,1.152,0.3367,3.1645156161079964
ca_only,0.2,2ACY,7,1.2601,0.3061,3.5257740471418137
ca_only,0.2,2ACY,8,1.1938,0.3367,3.2995958787875246
ca_only,0.2,2CI2,1,1.1547,0.5077,3.1730713533191137
ca_only,0.2,2CI2,2,1.0215,0.5846,2.7773576775148614
ca_only,0.2,2CI2,3,1.0459,0.4462,2.845958734245009
ca_only,0.2,2CI2,4,1.0919,0.4769,2.979930565267343
ca_only,0.2,2CI2,5,1.2432,0.4,3.4666891394782207
ca_only,0.2,2CI2,6,0.999,0.4615,2.715564905318567
ca_only,0.2,2CI2,7,1.2697,0.4615,3.5597844668091567
ca_only,0.2,2CI2,8,1.0632,0.6154,2.8956221704291334
ca_only,0.2,2CRO,1,0.9527,0.4154,2.5927005087958563
ca_only,0.2,2CRO,2,0.9444,0.4154,2.571270153574974
ca_only,0.2,2CRO,3,0.9416,0.4923,2.564080667123127
ca_only,0.2,2CRO,4,1.0771,0.4462,2.936152350783987
ca_only,0.2,2CRO,5,1.0219,0.4308,2.7784688428041093
ca_only,0.2,2CRO,6,1.1298,0.4154,3.0950374307336888
ca_only,0.2,2CRO,7,1.0963,0.4615,2.9930711478360372
ca_only,0.2,2CRO,8,1.0564,0.4308,2.8759987349663687
ca_only,0.2,2GB1,1,1.1996,0.2857,3.3187891415413957
ca_only,0.2,2GB1,2,1.0957,0.2857,2.9912758437924074
ca_only,0.2,2GB1,3,1.2377,0.3571,3.447674686887955
ca_only,0.2,2GB1,4,1.0567,0.3036,2.8768616640197444
ca_only,0.2,2GB1,5,1.0741,0.2679,2.927357093214432
ca_only,0.2,2GB1,6,1.1979,0.2857,3.313151992934704
ca_only,0.2,2GB1,7,1.2173,0.3571,3.378054661935673
ca_only,0.2,2GB1,8,1.2128,0.2679,3.362887567513875
ca_only,0.2,2LZM,1,0.9998,0.5732,2.717738226455366
ca_only,0.2,2LZM,2,1.0288,0.5427,2.797706571658376
ca_only,0.2,2LZM,3,0.9698,0.622,2.637416923217654
ca_only,0.2,2LZM,4,1.0156,0.5427,2.761019512199471
ca_only,0.2,2LZM,5,0.9809,0.5793,2.6668553319757358
ca_only,0.2,2LZM,6,1.0015,0.5183,2.722362310798398
ca_only,0.2,2LZM,7,1.0212,0.5427,2.7765245951802053
ca_only,0.2,2LZM,8,0.936,0.5976,2.5497619452281173
ca_only,0.2,2PCY,1,1.1887,0.3939,3.2828107781939124
ca_only,0.2,2PCY,2,1.1405,0.4444,3.128332140279944
ca_only,0.2,2PCY,3,1.1721,0.3939,3.228765932538935
ca_only,0.2,2PCY,4,1.2306,0.4343,3.423282889955946
ca_only,0.2,2PCY,5,1.0892,0.404,2.9718956048189638
ca_only,0.2,2PCY,6,1.1271,0.4444,3.0866921009357227
ca_only,0.2,2PCY,7,1.0599,0.4242,2.8860823666004056
ca_only,0.2,2PCY,8,1.0948,0.4646,2.988584906636353
ca_only,0.2,2PTL,1,1.5126,0.1795,4.538515607998481
ca_only,0.2,2PTL,2,1.5971,0.2179,4.93868943774705
ca_only,0.2,2PTL,3,1.6947,0.1923,5.445012216497795
ca_only,0.2,2PTL,4,1.5065,0.141,4.510914930441287
ca_only,0.2,2PTL,5,1.5859,0.2564,4.883684717459369
ca_only,0.2,2PTL,6,1.6145,0.2564,5.0253746078882715
ca_only,0.2,2PTL,7,1.839,0.2051,6.2902448699855995
ca_only,0.2,2PTL,8,1.6094,0.2436,4.999810441422834
ca_only,0.2,3CHY,1,1.0233,0.4375,2.7823614233546325
ca_only,0.2,3CHY,2,1.1051,0.4531,3.019526406350075
ca_only,0.2,3CHY,3,1.0846,0.4609,2.958256279535617
ca_only,0.2,3CHY,4,1.0437,0.4609,2.839704507201955
ca_only,0.2,3CHY,5,1.0016,0.4141,2.722634560641743
ca_only,0.2,3CHY,6,0.9347,0.3984,2.54644940831483
ca_only,0.2,3CHY,7,1.1369,0.4219,3.117090391863172
ca_only,0.2,3CHY,8,1.0908,0.4297,2.9766544438426745
ca_only,0.2,3PGK,1,1.6146,0.1928,5.025877170476771
ca_only,0.2,3PGK,2,1.631,0.1976,5.10898114604348
ca_only,0.2,3PGK,3,1.6012,0.212,4.9589796309146355
ca_only,0.2,3PGK,4,1.6491,0.2145,5.202295653529712
ca_only,0.2,3PGK,5,1.6086,0.1952,4.9958121925824726
ca_only,0.2,3PGK,6,1.6098,0.1952,5.0018107656375745
ca_only,0.2,3PGK,7,1.5588,0.2145,4.753114084624856
ca_only,0.2,3PGK,8,1.6098,0.1735,5.0018107656375745
ca_only,0.2,4HHB,1,1.0727,0.4164,2.9232616607555735
ca_only,0.2,4HHB,2,1.0712,0.4443,2.91888005529009
ca_only,0.2,4HHB,3,1.1048,0.439,3.0186206842932712
ca_only,0.2,4HHB,4,1.117,0.4408,3.0556734187455317
ca_only,0.2,4HHB,5,1.1013,0.4233,3.0080739793982367
ca_only,0.2,4HHB,6,1.0629,0.4111,2.894753614067973
ca_only,0.2,4HHB,7,1.1086,0.4199,3.0301132649674645
ca_only,0.2,4HHB,8,1.1109,0.4443,3.037090546274575
ca_only,0.3,1AKI,1,1.3501,0.3953,3.8578112925378147
ca_only,0.3,1AKI,2,1.4734,0.4109,4.364047707636093
ca_only,0.3,1AKI,3,1.3025,0.3411,3.6784813854018137
ca_only,0.3,1AKI,4,1.4714,0.3411,4.355328334500414
ca_only,0.3,1AKI,5,1.646,0.3798,5.186193508224125
ca_only,0.3,1AKI,6,1.3651,0.4496,3.9161146438771888
ca_only,0.3,1AKI,7,1.4285,0.3721,4.172435841822315
ca_only,0.3,1AKI,8,1.5075,0.3488,4.515428101581201
ca_only,0.3,1BPI,1,1.4958,0.3621,4.462905449458407
ca_only,0.3,1BPI,2,1.3963,0.3793,4.040223450608092
ca_only,0.3,1BPI,3,1.6379,0.3276,5.144355015454933
ca_only,0.3,1BPI,4,1.471,0.3103,4.353586551546428
ca_only,0.3,1BPI,5,1.794,0.3793,6.013458255819809
ca_only,0.3,1BPI,6,1.6465,0.3276,5.188787253360486
ca_only,0.3,1BPI,7,2.1985,0.2586,9.01148612725049
ca_only,0.3,1BPI,8,1.5768,0.3276,4.839444783521893
ca_only,0.3,1CRN,1,1.3258,0.3043,3.765196307504328
ca_only,0.3,1CRN,2,1.5035,0.2609,4.497402464483249
ca_only,0.3,1CRN,3,1.4592,0.3478,4.302516138262211
ca_only,0.3,1CRN,4,1.2857,0.3261,3.6171991105878245
ca_only,0.3,1CRN,5,1.6495,0.2609,5.204376988030272
ca_only,0.3,1CRN,6,1.4094,0.2391,4.093498567953274
ca_only,0.3,1CRN,7,1.3851,0.3478,3.9952254073819096
ca_only,0.3,1CRN,8,1.3611,0.2391,3.9004814724886803
ca_only,0.3,1CSP,1,1.7009,0.3582,5.478876161993683
ca_only,0.3,1CSP,2,1.6023,0.4328,4.964437509791688
ca_only,0.3,1CSP,3,1.4261,0.3731,4.162434002809639
ca_only,0.3,1CSP,4,1.562,0.4478,4.768348411618889
ca_only,0.3,1CSP,5,1.7741,0.2687,5.894973272193466
ca_only,0.3,1CSP,6,1.5469,0.3731,4.696887240263821
ca_only,0.3,1CSP,7,1.632,0.403,5.114092682531806
ca_only,0.3,1CSP,8,1.6896,0.3433,5.417313346349808
ca_only,0.3,1ENH,1,1.2701,0.3519,3.561208665416612
ca_only,0.3,1ENH,2,1.544,0.2778,4.683285998599671
ca_only,0.3,1ENH,3,1.2765,0.3704,3.5840734902695925
ca_only,0.3,1ENH,4,1.3472,0.3519,3.8466398462159423
ca_only,0.3,1ENH,5,1.4677,0.3333,4.33924339515079
ca_only,0.3,1ENH,6,1.1993,0.3889,3.3177936541295114
ca_only,0.3,1ENH,7,1.3579,0.2778,3.888019880957057
ca_only,0.3,1ENH,8,1.3869,0.3704,4.002423289265464
ca_only,0.3,1FKB,1,1.4583,0.3738,4.298645615734173
ca_only,0.3,1FKB,2,1.4573,0.4206,4.294349118724985
ca_only,0.3,1FKB,3,1.3497,0.4112,3.8562684766045567
ca_only,0.3,1FKB,4,1.2811,0.4486,3.6005982060325152
ca_only,0.3,1FKB,5,1.3515,0.4486,3.863216010767357
ca_only,0.3,1FKB,6,1.6256,0.3832,5.081467002900666
ca_only,0.3,1FKB,7,1.2995,0.4206,3.6674624778710845
ca_only,0.3,1FKB,8,1.4742,0.3832,4.367540342669941
ca_only,0.3,1HEL,1,1.4712,0.4031,4.354457355934273
ca_only,0.3,1HEL,2,1.4489,0.4031,4.258427667440973
ca_only,0.3,1HEL,3,1.4606,0.3721,4.3085438792899655
ca_only,0.3,1HEL,4,1.5981,0.3178,4.943630597352837
ca_only,0.3,1HEL,5,1.4471,0.3566,4.25076939215507
ca_only,0.3,1HEL,6,1.597,0.3953,4.9381955934959
ca_only,0.3,1HEL,7,1.3902,0.3643,4.015653103307155
ca_only,0.3,1HEL,8,1.5185,0.3643,4.5653719985318775
ca_only,0.3,1IGD,1,1.5373,0.4754,4.652012864396132
ca_only,0.3,1IGD,2,1.6105,0.4098,5.005313258903146
ca_only,0.3,1IGD,3,1.5751,0.3279,4.831224716426603
ca_only,0.3,1IGD,4,1.4963,0.3279,4.465137460139306
ca_only,0.3,1IGD,5,1.3253,0.3115,3.7633141799216823
ca_only,0.3,1IGD,6,1.6055,0.3607,4.980349154877223
ca_only,0.3,1IGD,7,1.2849,0.3443,3.6143065084944634
ca_only,0.3,1IGD,8,1.6872,0.377,5.404327383707002
ca_only,0.3,1LZ1,1,1.6489,0.3385,5.2012552984379825
ca_only,0.3,1LZ1,2,1.5843,0.2846,4.875877069695276
ca_only,0.3,1LZ1,3,1.5742,0.2923,4.826878570240968
ca_only,0.3,1LZ1,4,1.501,0.2923,4.486173001000073
ca_only,0.3,1LZ1,5,1.4428,0.3385,4.232530325864681
ca_only,0.3,1LZ1,6,1.4477,0.3846,4.253320619081904
ca_only,0.3,1LZ1,7,1.5819,0.2923,4.864188996026685
ca_only,0.3,1LZ1,8,1.3772,0.3308,3.9637874700194766
ca_only,0.3,1MBN,1,1.4346,0.3333,4.197965486711218
ca_only,0.3,1MBN,2,1.3935,0.3399,4.0289266478508265
ca_only,0.3,1MBN,3,1.5349,0.3595,4.64086142060682
ca_only,0.3,1MBN,4,1.3942,0.3137,4.031747883821712
ca_only,0.3,1MBN,5,1.452,0.3922,4.271649276115181
ca_only,0.3,1MBN,6,1.4343,0.3007,4.196706285954761
ca_only,0.3,1MBN,7,1.4018,0.3464,4.062505900152369
ca_only,0.3,1MBN,8,1.41,0.3529,4.095955404071176
ca_only,0.3,1PIN,1,1.5048,0.3595,4.503252889639493
ca_only,0.3,1PIN,2,1.62,0.3399,5.053090316563868
ca_only,0.3,1PIN,3,1.4374,0.3595,4.20973626146843
ca_only,0.3,1PIN,4,1.466,0.3399,4.331872948034132
ca_only,0.3,1PIN,5,1.4888,0.3922,4.431774197812134
ca_only,0.3,1PIN,6,1.6245,0.3791,5.075880462358084
ca_only,0.3,1PIN,7,1.4729,0.3399,4.361866229197332
ca_only,0.3,1PIN,8,1.3683,0.3856,3.928666282648901
ca_only,0.3,1R69,1,1.4429,0.381,4.2329536000606245
ca_only,0.3,1R69,2,1.1228,0.4444,3.073447820511833
ca_only,0.3,1R69,3,1.37,0.4286,3.9353506954704733
ca_only,0.3,1R69,4,1.3824,0.381,3.984452848281094
ca_only,0.3,1R69,5,1.149,0.4444,3.155036295350299
ca_only,0.3,1R69,6,1.144,0.4762,3.1393004861793963
ca_only,0.3,1R69,7,1.2646,0.4127,3.541675782424168
ca_only,0.3,1R69,8,1.3557,0.4921,3.879475639330917
ca_only,0.3,1RIS,1,1.3835,0.2784,3.9888381578923036
ca_only,0.3,1RIS,2,1.4424,0.2887,4.230837652291617
ca_only,0.3,1RIS,3,1.4335,0.3093,4.193350263513962
ca_only,0.3,1RIS,4,1.354,0.3196,3.8728861334110594
ca_only,0.3,1RIS,5,1.6377,0.2887,5.143326247332085
ca_only,0.3,1RIS,6,1.5292,0.299,4.614483758264518
ca_only,0.3,1RIS,7,1.4665,0.268,4.3340394260825255
ca_only,0.3,1RIS,8,1.3445,0.299,3.8362679270230102
ca_only,0.3,1SHG,1,1.3574,0.3684,3.8860763569380725
ca_only,0.3,1SHG,2,1.4418,0.3509,4.228299911098733
ca_only,0.3,1SHG,3,1.3225,0.3158,3.752791638650408
ca_only,0.3,1SHG,4,1.4705,0.386,4.351410302378285
ca_only,0.3,1SHG,5,1.2551,0.3333,3.5081891757197936
ca_only,0.3,1SHG,6,1.1711,0.4035,3.2255387804513695
ca_only,0.3,1SHG,7,1.6644,0.3684,5.282502797041836
ca_only,0.3,1SHG,8,1.2234,0.3684,3.3987237720679584
ca_only,0.3,1STN,1,1.4076,0.3603,4.086136898021548
ca_only,0.3,1STN,2,1.5531,0.3603,4.726098402182376
ca_only,0.3,1STN,3,1.3784,0.3456,3.9685468700523923
ca_only,0.3,1STN,4,1.3939,0.3382,4.030538540867077
ca_only,0.3,1STN,5,1.5973,0.3456,4.939677274414974
ca_only,0.3,1STN,6,1.4318,0.3676,4.186227624024923
ca_only,0.3,1STN,7,1.596,0.4044,4.933259866177374
ca_only,0.3,1STN,8,1.4907,0.3971,4.440202573209067
ca_only,0.3,1TIM,1,1.539,0.2874,4.659928012235036
ca_only,0.3,1TIM,2,1.6529,0.2287,5.222101985209703
ca_only,0.3,1TIM,3,1.5584,0.249,4.751213219189438
ca_only,0.3,1TIM,4,1.576,0.2247,4.835574775904523
ca_only,0.3,1TIM,5,1.6736,0.249,5.3313260654429655
ca_only,0.3,1TIM,6,1.6282,0.2267,5.094696007361669
ca_only,0.3,1TIM,7,1.4537,0.2551,4.278917255917037
ca_only,0.3,1TIM,8,1.5404,0.2591,4.666456480313504
ca_only,0.3,1TUP,1,1.6388,0.2718,5.148987019057805
ca_only,0.3,1TUP,2,1.7736,0.2906,5.8920265223062325
ca_only,0.3,1TUP,3,1.7169,0.2598,5.567243231989431
ca_only,0.3,1TUP,4,1.6632,0.3026,5.276167595566495
ca_only,0.3,1TUP,5,1.6892,0.3162,5.415146854338557
ca_only,0.3,1TUP,6,1.6612,0.2957,5.265625805679179
ca_only,0.3,1TUP,7,1.568,0.3179,4.797044504278355
ca_only,0.3,1TUP,8,1.6276,0.2889,5.091640106619152
ca_only,0.3,1UBI,1,1.187,0.4474,3.277234740845624
ca_only,0.3,1UBI,2,1.2158,0.4605,3.3729913783548207
ca_only,0.3,1UBI,3,1.2272,0.4211,3.4116634922994638
ca_only,0.3,1UBI,4,1.2822,0.5,3.6045610432200186
ca_only,0.3,1UBI,5,1.3963,0.4211,4.040223450608092
ca_only,0.3,1UBI,6,1.2864,0.4737,3.6197320363858374
ca_only,0.3,1UBI,7,1.2772,0.4211,3.5865832200157115
ca_only,0.3,1UBI,8,1.4165,0.4211,4.122665829035887
ca_only,0.3,1UBQ,1,1.4038,0.4211,4.070639042383859
ca_only,0.3,1UBQ,2,1.0152,0.5132,2.759915325246704
ca_only,0.3,1UBQ,3,1.1317,0.4079,3.10092359193447
ca_only,0.3,1UBQ,4,1.4548,0.4474,4.283626654592953
ca_only,0.3,1UBQ,5,1.2032,0.4474,3.330758314034729
ca_only,0.3,1UBQ,6,1.2402,0.4605,3.456304656572505
ca_only,0.3,1UBQ,7,1.2028,0.4079,3.329426277134256
ca_only,0.3,1UBQ,8,1.2341,0.4737,3.435285372162122
ca_only,0.3,1VII,1,1.3686,0.2778,3.9298450593413587
ca_only,0.3,1VII,2,1.3917,0.3056,4.021681102831509
ca_only,0.3,1VII,3,1.5007,0.25,4.484827350957372
ca_only,0.3,1VII,4,1.2712,0.1944,3.565128150270026
ca_only,0.3,1VII,5,1.6728,0.1667,5.327062710160103
ca_only,0.3,1VII,6,1.5489,0.2222,4.706290414784478
ca_only,0.3,1VII,7,1.4918,0.1667,4.44508948334741
ca_only,0.3,1VII,8,1.3894,0.1944,4.012441865490902
ca_only,0.3,2ACY,1,1.3258,0.3265,3.765196307504328
ca_only,0.3,2ACY,2,1.4055,0.2755,4.07756501416392
ca_only,0.3,2ACY,3,1.5343,0.3571,4.6380777389424654
ca_only,0.3,2ACY,4,1.7394,0.2857,5.69392604193513
ca_only,0.3,2ACY,5,1.485,0.3061,4.414965412778578
ca_only,0.3,2ACY,6,1.4456,0.3061,4.244398017792243
ca_only,0.3,2ACY,7,1.5555,0.3163,4.737454660406479
ca_only,0.3,2ACY,8,1.5805,0.2959,4.857383896113686
ca_only,0.3,2CI2,1,1.4397,0.4154,4.219429798163774
ca_only,0.3,2CI2,2,1.2917,0.4615,3.6389675452500736
ca_only,0.3,2CI2,3,1.3391,0.3846,3.8156079124602162
ca_only,0.3,2CI2,4,1.48,0.5077,4.392945680918757
ca_only,0.3,2CI2,5,1.4817,0.3846,4.400420039981447
ca_only,0.3,2CI2,6,1.4277,0.3538,4.1690992279723496
ca_only,0.3,2CI2,7,1.5764,0.3846,4.837509392712452
ca_only,0.3,2CI2,8,1.5295,0.5077,4.615868311064534
ca_only,0.3,2CRO,1,1.0966,0.4154,2.9939692038820596
ca_only,0.3,2CRO,2,1.1543,0.4154,3.1718023785896516
ca_only,0.3,2CRO,3,1.1873,0.4308,3.2782180587581897
ca_only,0.3,2CRO,4,1.1789,0.4154,3.250796359441155
ca_only,0.3,2CRO,5,1.2394,0.4154,3.4535407185698586
ca_only,0.3,2CRO,6,1.3507,0.3692,3.860126673858272
ca_only,0.3,2CRO,7,1.2591,0.4462,3.522250035394214
ca_only,0.3,2CRO,8,1.2915,0.4,3.638239824515523
ca_only,0.3,2GB1,1,1.4034,0.2857,4.069011112374613
ca_only,0.3,2GB1,2,1.2614,0.3214,3.530360533973609
ca_only,0.3,2GB1,3,1.5164,0.3036,4.5557947769372635
ca_only,0.3,2GB1,4,1.2066,0.2679,3.342102165922748
ca_only,0.3,2GB1,5,1.3622,0.2679,3.904774362765204
ca_only,0.3,2GB1,6,1.439,0.3036,4.216477230824191
ca_only,0.3,2GB1,7,1.4736,0.25,4.364920604464393
ca_only,0.3,2GB1,8,1.4691,0.2857,4.3453225903477035
ca_only,0.3,2LZM,1,1.3073,0.5244,3.6961805400405114
ca_only,0.3,2LZM,2,1.18,0.5122,3.2543742028896707
ca_only,0.3,2LZM,3,1.2203,0.5122,3.3882040423801123
ca_only,0.3,2LZM,4,1.3114,0.4573,3.7113659891530806
ca_only,0.3,2LZM,5,1.3367,0.5061,3.8064614336352114
ca_only,0.3,2LZM,6,1.3236,0.4756,3.7569219807245884
ca_only,0.3,2LZM,7,1.299,0.5488,3.665629204988562
ca_only,0.3,2LZM,8,1.161,0.5244,3.1931248048907275
ca_only,0.3,2PCY,1,1.5604,0.3535,4.760725154392374
ca_only,0.3,2PCY,2,1.6026,0.3737,4.965927064466656
ca_only,0.3,2PCY,3,1.3081,0.404,3.6991386675657876
ca_only,0.3,2PCY,4,1.5168,0.303,4.557617459360221
ca_only,0.3,2PCY,5,1.234,0.404,3.43494186080076
ca_only,0.3,2PCY,6,1.5089,0.4444,4.521754128108733
ca_only,0.3,2PCY,7,1.2899,0.4242,3.6324232952605615
ca_only,0.3,2PCY,8,1.3598,0.4444,3.8954141410535263
ca_only,0.3,2PTL,1,1.5361,0.1923,4.64643379706874
ca_only,0.3,2PTL,2,1.744,0.2179,5.720178435942544
ca_only,0.3,2PTL,3,1.6867,0.1795,5.4016258954434955
ca_only,0.3,2PTL,4,1.6133,0.1923,5.019347775181648
ca_only,0.3,2PTL,5,1.7139,0.2436,5.55056652985419
ca_only,0.3,2PTL,6,1.7268,0.2308,5.622632665288498
ca_only,0.3,2PTL,7,2.0112,0.2179,7.472278703874548
ca_only,0.3,2PTL,8,1.8078,0.1795,6.097019224324443
ca_only,0.3,3CHY,1,1.3016,0.4297,3.6751722414930788
ca_only,0.3,3CHY,2,1.2918,0.4453,3.639331460200043
ca_only,0.3,3CHY,3,1.3672,0.4297,3.924347125709818
ca_only,0.3,3CHY,4,1.3091,0.3828,3.7028396564193637
ca_only,0.3,3CHY,5,1.2541,0.4297,3.5046827400541094
ca_only,0.3,3CHY,6,1.1136,0.4141,3.0453017709144614
ca_only,0.3,3CHY,7,1.4756,0.3672,4.373659181337336
ca_only,0.3,3CHY,8,1.4783,0.4141,4.385484017472141
ca_only,0.3,3PGK,1,1.846,0.1807,6.334431055297315
ca_only,0.3,3PGK,2,1.8634,0.1904,6.4456146477660825
ca_only,0.3,3PGK,3,1.8196,0.212,6.16939020018645
ca_only,0.3,3PGK,4,1.8166,0.212,6.150909764100344
ca_only,0.3,3PGK,5,1.8618,0.1735,6.435309910317958
ca_only,0.3,3PGK,6,1.8164,0.188,6.149679705157518
ca_only,0.3,3PGK,7,1.84,0.212,6.296538261026657
ca_only,0.3,3PGK,8,1.831,0.1807,6.240123663165812
ca_only,0.3,4HHB,1,1.3219,0.3798,3.7505406390346323
ca_only,0.3,4HHB,2,1.387,0.3885,4.002823551607174
ca_only,0.3,4HHB,3,1.3262,0.392,3.7667026872832006
ca_only,0.3,4HHB,4,1.3271,0.4042,3.770094245674101
ca_only,0.3,4HHB,5,1.3144,0.392,3.722516804981172
ca_only,0.3,4HHB,6,1.3215,0.3693,3.7490407227822673
ca_only,0.3,4HHB,7,1.3209,0.3693,3.746791973040983
ca_only,0.3,4HHB,8,1.3756,0.4216,3.9574504810105435
ca_only,0.5,1AKI,1,2.0024,0.3023,7.406811131084255
ca_only,0.5,1AKI,2,2.0304,0.2481,7.617132602531622
ca_only,0.5,1AKI,3,1.8998,0.2326,6.684557397099788
ca_only,0.5,1AKI,4,2.1852,0.1705,8.892426860906872
ca_only,0.5,1AKI,5,2.2146,0.2403,9.157745280779178
ca_only,0.5,1AKI,6,2.0431,0.2326,7.714487078987491
ca_only,0.5,1AKI,7,2.0406,0.2171,7.695224948984884
ca_only,0.5,1AKI,8,2.096,0.2791,8.133570475257905
ca_only,0.5,1BPI,1,1.8687,0.2586,6.47986709420307
ca_only,0.5,1BPI,2,2.155,0.1897,8.62789017896875
ca_only,0.5,1BPI,3,2.073,0.2586,7.948633284595532
ca_only,0.5,1BPI,4,1.9355,0.3276,6.927506943055741
ca_only,0.5,1BPI,5,2.1298,0.2414,8.413184006363958
ca_only,0.5,1BPI,6,1.8939,0.2414,6.645234624704209
ca_only,0.5,1BPI,7,2.2131,0.1724,9.144018960172149
ca_only,0.5,1BPI,8,2.0136,0.2414,7.490233710152977
ca_only,0.5,1CRN,1,2.007,0.3478,7.440960946645546
ca_only,0.5,1CRN,2,1.7221,0.2174,5.596268296560544
ca_only,0.5,1CRN,3,1.7938,0.2609,6.0122556844297925
ca_only,0.5,1CRN,4,1.6047,0.2391,4.976366468840147
ca_only,0.5,1CRN,5,1.7965,0.2174,6.028510709186247
ca_only,0.5,1CRN,6,1.956,0.1739,7.070986475862037
ca_only,0.5,1CRN,7,1.4927,0.2609,4.449091864683863
ca_only,0.5,1CRN,8,1.7161,0.2391,5.562791218446696
ca_only,0.5,1CSP,1,2.2218,0.3134,9.223918986270396
ca_only,0.5,1CSP,2,2.2035,0.2985,9.056656389437537
ca_only,0.5,1CSP,3,1.8896,0.3134,6.616721463049554
ca_only,0.5,1CSP,4,2.0568,0.2836,7.82090283547566
ca_only,0.5,1CSP,5,2.269,0.1791,9.669726251346345
ca_only,0.5,1CSP,6,2.1475,0.2239,8.563423056525004
ca_only,0.5,1CSP,7,2.2215,0.2388,9.221152225609362
ca_only,0.5,1CSP,8,2.1134,0.2388,8.276333033906454
ca_only,0.5,1ENH,1,1.504,0.2778,4.4996517279845065
ca_only,0.5,1ENH,2,1.6971,0.2037,5.458095940005412
ca_only,0.5,1ENH,3,1.5153,0.2778,4.550786157928124
ca_only,0.5,1ENH,4,1.5631,0.2222,4.773596480780528
ca_only,0.5,1ENH,5,1.9193,0.1296,6.816185469107208
ca_only,0.5,1ENH,6,1.5568,0.2037,4.743617356349457
ca_only,0.5,1ENH,7,1.7686,0.1852,5.862639917428962
ca_only,0.5,1ENH,8,1.6536,0.2407,5.225758736312918
ca_only,0.5,1FKB,1,2.1527,0.271,8.608068834840779
ca_only,0.5,1FKB,2,2.0485,0.3084,7.756257989168252
ca_only,0.5,1FKB,3,2.0378,0.2991,7.67370845627496
ca_only,0.5,1FKB,4,2.0394,0.2617,7.685996217392507
ca_only,0.5,1FKB,5,2.0508,0.2897,7.774117913583166
ca_only,0.5,1FKB,6,1.9307,0.2336,6.894334587074329
ca_only,0.5,1FKB,7,1.9321,0.3084,6.90399341509824
ca_only,0.5,1FKB,8,2.2321,0.271,9.319416318817089
ca_only,0.5,1HEL,1,1.9451,0.2791,6.994331253187798
ca_only,0.5,1HEL,2,1.9129,0.3178,6.772701180255519
ca_only,0.5,1HEL,3,2.0032,0.2713,7.412738950800858
ca_only,0.5,1HEL,4,2.0994,0.2636,8.161271680236757
ca_only,0.5,1HEL,5,2.1659,0.2248,8.722448589049247
ca_only,0.5,1HEL,6,1.906,0.2248,6.726130396086577
ca_only,0.5,1HEL,7,2.0351,0.2558,7.653017388953724
ca_only,0.5,1HEL,8,2.0921,0.3256,8.101911325873658
ca_only,0.5,1IGD,1,2.0625,0.3607,7.865609273944892
ca_only,0.5,1IGD,2,1.9765,0.2951,7.217437694803552
ca_only,0.5,1IGD,3,1.9069,0.2295,6.732186638343276
ca_only,0.5,1IGD,4,1.9592,0.1967,7.09364987468348
ca_only,0.5,1IGD,5,1.6833,0.3115,5.383291553442469
ca_only,0.5,1IGD,6,1.9128,0.2131,6.77202394399987
ca_only,0.5,1IGD,7,1.5904,0.2623,4.905710820250179
ca_only,0.5,1IGD,8,1.8011,0.1803,6.056305738002899
ca_only,0.5,1LZ1,1,2.0775,0.2077,7.98448273514402
ca_only,0.5,1LZ1,2,2.1503,0.1692,8.58743424105431
ca_only,0.5,1LZ1,3,2.1424,0.2615,8.51986077717028
ca_only,0.5,1LZ1,4,2.0183,0.1923,7.525520667984217
ca_only,0.5,1LZ1,5,2.1531,0.2154,8.61151275111205
ca_only,0.5,1LZ1,6,2.0842,0.2231,8.038158382095272
ca_only,0.5,1LZ1,7,2.048,0.1769,7.752380829544347
ca_only,0.5,1LZ1,8,2.1338,0.2692,8.446904137691906
ca_only,0.5,1MBN,1,1.8848,0.3007,6.585037302844973
ca_only,0.5,1MBN,2,1.5657,0.2288,4.786023980379213
ca_only,0.5,1MBN,3,1.8008,0.268,6.0544891187880046
ca_only,0.5,1MBN,4,1.7088,0.281,5.5223307031112565
ca_only,0.5,1MBN,5,1.7174,0.2288,5.570027549626828
ca_only,0.5,1MBN,6,1.6432,0.2745,5.171692477318372
ca_only,0.5,1MBN,7,1.6837,0.2026,5.385445300784597
ca_only,0.5,1MBN,8,1.6931,0.2092,5.436307162851393
ca_only,0.5,1PIN,1,2.1034,0.2288,8.193982144271834
ca_only,0.5,1PIN,2,2.0051,0.2026,7.426836543279209
ca_only,0.5,1PIN,3,2.0425,0.2614,7.709859775070093
ca_only,0.5,1PIN,4,1.8896,0.3072,6.616721463049554
ca_only,0.5,1PIN,5,2.1004,0.2876,8.169437033913384
ca_only,0.5,1PIN,6,2.1119,0.2549,8.263927840576564
ca_only,0.5,1PIN,7,2.0599,0.268,7.845185252565957
ca_only,0.5,1PIN,8,2.0603,0.2614,7.848323954365494
ca_only,0.5,1R69,1,1.6121,0.3968,5.013328170336691
ca_only,0.5,1R69,2,1.5901,0.2857,4.904239327739017
ca_only,0.5,1R69,3,1.6404,0.381,5.15723199250813
ca_only,0.5,1R69,4,1.6327,0.3333,5.117673800654693
ca_only,0.5,1R69,5,1.6207,0.381,5.056628718081509
ca_only,0.5,1R69,6,1.5551,0.3333,4.735560057488161
ca_only,0.5,1R69,7,1.6932,0.3175,5.43685082075012
ca_only,0.5,1R69,8,1.7239,0.3175,5.606350650891015
ca_only,0.5,1RIS,1,1.6442,0.2371,5.176866756504094
ca_only,0.5,1RIS,2,1.724,0.2062,5.606911313988792
ca_only,0.5,1RIS,3,1.9523,0.1856,7.044872167164505
ca_only,0.5,1RIS,4,1.6283,0.2784,5.095205502436735
ca_only,0.5,1RIS,5,1.9015,0.2474,6.695930809336162
ca_only,0.5,1RIS,6,2.0445,0.2268,7.72529492462474
ca_only,0.5,1RIS,7,1.5625,0.3093,4.770733181967603
ca_only,0.5,1RIS,8,1.8936,0.2165,6.643241353322455
ca_only,0.5,1SHG,1,2.1401,0.2982,8.500287615147615
ca_only,0.5,1SHG,2,2.2307,0.2456,9.30637826473815
ca_only,0.5,1SHG,3,2.102,0.2982,8.182518595626282
ca_only,0.5,1SHG,4,2.0766,0.1579,7.977299933428001
ca_only,0.5,1SHG,5,2.2437,0.2105,9.428150989932458
ca_only,0.5,1SHG,6,2.1714,0.2456,8.77055422552309
ca_only,0.5,1SHG,7,2.3248,0.2982,10.22463495429381
ca_only,0.5,1SHG,8,1.9706,0.3509,7.174980185219572
ca_only,0.5,1STN,1,2.0604,0.2647,7.84910882600386
ca_only,0.5,1STN,2,2.0508,0.2574,7.774117913583166
ca_only,0.5,1STN,3,1.9807,0.2794,7.247814680136772
ca_only,0.5,1STN,4,1.8358,0.3015,6.270148258129722
ca_only,0.5,1STN,5,2.0503,0.2721,7.770231826229172
ca_only,0.5,1STN,6,2.1492,0.2721,8.57799325688241
ca_only,0.5,1STN,7,2.0694,0.3529,7.920069650161688
ca_only,0.5,1STN,8,2.149,0.3162,8.576277829779462
ca_only,0.5,1TIM,1,1.9154,0.253,6.789654115545617
ca_only,0.5,1TIM,2,1.9783,0.1984,7.2304407819217715
ca_only,0.5,1TIM,3,1.9484,0.2409,7.017450672384121
ca_only,0.5,1TIM,4,1.9502,0.1741,7.030093458688534
ca_only,0.5,1TIM,5,2.0219,0.2024,7.552661366334042
ca_only,0.5,1TIM,6,2.0332,0.1923,7.638490460866578
ca_only,0.5,1TIM,7,1.9569,0.2065,7.077353228299155
ca_only,0.5,1TIM,8,1.9909,0.2206,7.3221207063758555
ca_only,0.5,1TUP,1,2.2256,0.212,9.259036559549317
ca_only,0.5,1TUP,2,2.2179,0.1915,9.188015759024402
ca_only,0.5,1TUP,3,2.2303,0.2274,9.302656457843257
ca_only,0.5,1TUP,4,2.2475,0.2222,9.464046121249908
ca_only,0.5,1TUP,5,2.2062,0.2291,9.081142402931983
ca_only,0.5,1TUP,6,2.1814,0.2222,8.858699760910353
ca_only,0.5,1TUP,7,2.1821,0.2308,8.864903021630942
ca_only,0.5,1TUP,8,2.213,0.2188,9.143104603994704
ca_only,0.5,1UBI,1,1.8676,0.2895,6.472743159281983
ca_only,0.5,1UBI,2,1.6728,0.4342,5.327062710160103
ca_only,0.5,1UBI,3,1.7579,0.2895,5.800244083332009
ca_only,0.5,1UBI,4,2.0095,0.3553,7.459586621404737
ca_only,0.5,1UBI,5,1.7625,0.3421,5.826986666901473
ca_only,0.5,1UBI,6,1.9511,0.3158,7.036423390843554
ca_only,0.5,1UBI,7,1.7519,0.3421,5.765546814729568
ca_only,0.5,1UBI,8,1.8601,0.2895,6.424379177226032
ca_only,0.5,1UBQ,1,1.7284,0.3289,5.631636078362691
ca_only,0.5,1UBQ,2,1.7621,0.3553,5.824656338331498
ca_only,0.5,1UBQ,3,1.7991,0.3421,6.04420523106733
ca_only,0.5,1UBQ,4,1.7665,0.3158,5.850341291679143
ca_only,0.5,1UBQ,5,1.8544,0.2895,6.387864381946145
ca_only,0.5,1UBQ,6,1.7568,0.3553,5.79386732270168
ca_only,0.5,1UBQ,7,1.7725,0.3947,5.885548856501052
ca_only,0.5,1UBQ,8,1.7968,0.3947,6.0303195337091156
ca_only,0.5,1VII,1,1.7342,0.1389,5.664394475135182
ca_only,0.5,1VII,2,1.4767,0.2222,4.378472853471101
ca_only,0.5,1VII,3,1.8748,0.1389,6.519515086913735
ca_only,0.5,1VII,4,1.4569,0.1389,4.292631722579622
ca_only,0.5,1VII,5,1.7289,0.1667,5.634452600473724
ca_only,0.5,1VII,6,1.9558,0.1944,7.069572419977167
ca_only,0.5,1VII,7,1.5654,0.1667,4.784588388534641
ca_only,0.5,1VII,8,1.6635,0.1944,5.277750683296452
ca_only,0.5,2ACY,1,1.7231,0.2347,5.601867363924198
ca_only,0.5,2ACY,2,1.9075,0.2347,6.736227162362271
ca_only,0.5,2ACY,3,2.0018,0.2041,7.402368377365
ca_only,0.5,2ACY,4,2.1156,0.2347,8.294561010002806
ca_only,0.5,2ACY,5,1.8369,0.1735,6.27704921604467
ca_only,0.5,2ACY,6,2.056,0.2449,7.814648615228936
ca_only,0.5,2ACY,7,2.1155,0.1837,8.293731595373226
ca_only,0.5,2ACY,8,2.2137,0.1939,9.149507017800898
ca_only,0.5,2CI2,1,1.8965,0.3385,6.662534715100239
ca_only,0.5,2CI2,2,1.8336,0.2462,6.2563690945993145
ca_only,0.5,2CI2,3,1.9884,0.2769,7.303838267181012
ca_only,0.5,2CI2,4,1.9669,0.3538,7.148481810757238
ca_only,0.5,2CI2,5,1.9559,0.2462,7.070279412568206
ca_only,0.5,2CI2,6,2.0734,0.3385,7.951813373884827
ca_only,0.5,2CI2,7,2.0501,0.2923,7.768677935258203
ca_only,0.5,2CI2,8,2.0256,0.2615,7.580657975176377
ca_only,0.5,2CRO,1,1.5119,0.3385,4.535339758749799
ca_only,0.5,2CRO,2,1.6901,0.3231,5.4200226803000255
ca_only,0.5,2CRO,3,1.6951,0.3077,5.447190657043457
ca_only,0.5,2CRO,4,1.6495,0.3385,5.204376988030272
ca_only,0.5,2CRO,5,1.5079,0.2615,4.517234634104251
ca_only,0.5,2CRO,6,1.6831,0.2615,5.382215002790433
ca_only,0.5,2CRO,7,1.6862,0.3077,5.39892575758649
ca_only,0.5,2CRO,8,1.6267,0.3231,5.087059692018943
ca_only,0.5,2GB1,1,1.855,0.1607,6.391698250620899
ca_only,0.5,2GB1,2,1.9977,0.1607,7.3720807989813295
ca_only,0.5,2GB1,3,2.0252,0.1607,7.577626318358093
ca_only,0.5,2GB1,4,1.4348,0.2321,4.198805163773468
ca_only,0.5,2GB1,5,1.6856,0.125,5.395687373744242
ca_only,0.5,2GB1,6,1.6658,0.0714,5.289903480227146
ca_only,0.5,2GB1,7,1.7432,0.1429,5.715604123162866
ca_only,0.5,2GB1,8,1.7726,0.1786,5.8861374408154274
ca_only,0.5,2LZM,1,1.8205,0.3354,6.174945150719398
ca_only,0.5,2LZM,2,1.7944,0.2744,6.015864120262947
ca_only,0.5,2LZM,3,1.7668,0.25,5.8520966573583335
ca_only,0.5,2LZM,4,1.6974,0.3049,5.459733614426294
ca_only,0.5,2LZM,5,1.7361,0.2622,5.67516705534839
ca_only,0.5,2LZM,6,1.7847,0.2439,5.957792341752594
ca_only,0.5,2LZM,7,1.6505,0.2561,5.209583968074409
ca_only,0.5,2LZM,8,1.6908,0.25,5.423818024391692
ca_only,0.5,2PCY,1,2.0541,0.303,7.7998148793715485
ca_only,0.5,2PCY,2,2.0054,0.2525,7.429064928483258
ca_only,0.5,2PCY,3,2.2498,0.303,9.48583847893332
ca_only,0.5,2PCY,4,2.108,0.2121,8.231761287547819
ca_only,0.5,2PCY,5,1.9247,0.3131,6.853092429750253
ca_only,0.5,2PCY,6,2.0704,0.3131,7.927993681167015
ca_only,0.5,2PCY,7,1.9,0.2727,6.6858944422792685
ca_only,0.5,2PCY,8,1.9945,0.2929,7.348527845249077
ca_only,0.5,2PTL,1,1.9271,0.1923,6.869559604286854
ca_only,0.5,2PTL,2,2.2547,0.2179,9.53243315119901
ca_only,0.5,2PTL,3,2.0034,0.1923,7.414221646855681
ca_only,0.5,2PTL,4,2.322,0.1026,10.196046019608447
ca_only,0.5,2PTL,5,1.9132,0.1538,6.774733295411628
ca_only,0.5,2PTL,6,1.842,0.1923,6.309143939024817
ca_only,0.5,2PTL,7,2.1995,0.2564,9.020502120623094
ca_only,0.5,2PTL,8,1.8421,0.1538,6.30977488496549
ca_only,0.5,3CHY,1,1.6881,0.375,5.4091934677617015
ca_only,0.5,3CHY,2,1.6323,0.3516,5.115627140493753
ca_only,0.5,3CHY,3,1.8255,0.3047,6.205897192093035
ca_only,0.5,3CHY,4,1.8825,0.25,6.569909121126412
ca_only,0.5,3CHY,5,1.8357,0.3438,6.269521274653605
ca_only,0.5,3CHY,6,1.7022,0.3281,5.486003332661465
ca_only,0.5,3CHY,7,1.8118,0.2734,6.121456142475494
ca_only,0.5,3CHY,8,1.7673,0.2656,5.855023437321029
ca_only,0.5,3PGK,1,2.0799,0.159,8.003668507425932
ca_only,0.5,3PGK,2,2.0878,0.1735,8.067147902098146
ca_only,0.5,3PGK,3,2.0491,0.188,7.760913140367458
ca_only,0.5,3PGK,4,2.138,0.1639,8.482455741176688
ca_only,0.5,3PGK,5,2.1286,0.1904,8.403094240626537
ca_only,0.5,3PGK,6,2.11,0.1687,8.24824128462666
ca_only,0.5,3PGK,7,2.1218,0.1711,8.34614703970977
ca_only,0.5,3PGK,8,2.0474,0.1831,7.747730796196126
ca_only,0.5,4HHB,1,1.6026,0.284,4.965927064466656
ca_only,0.5,4HHB,2,1.8005,0.2805,6.052673044477135
ca_only,0.5,4HHB,3,1.7637,0.284,5.833983248010831
ca_only,0.5,4HHB,4,1.6592,0.2962,5.2551050783021065
ca_only,0.5,4HHB,5,1.7195,0.2648,5.581736897993644
ca_only,0.5,4HHB,6,1.7181,0.2962,5.573927933886792
ca_only,0.5,4HHB,7,1.6934,0.2892,5.437938299658536
ca_only,0.5,4HHB,8,1.7446,0.2857,5.723611572842184
